2014.08.29 19:36 B C:\vromero\Libros\Termodinamica\vromeroTermodinamicaRed\Termoesp\images\actn045.gif --> ftp.ucaribe.edu.mx /Termoesp/images actn045.gif
2014.08.29 19:36 B C:\vromero\Libros\Termodinamica\vromeroTermodinamicaRed\Termoesp\images\back.png --> ftp.ucaribe.edu.mx /Termoesp/images back.png
2014.08.29 19:36 B C:\vromero\Libros\Termodinamica\vromeroTermodinamicaRed\Termoesp\images\base-select.gif --> ftp.ucaribe.edu.mx /Termoesp/images base-select.gif
2014.08.29 19:36 B C:\vromero\Libros\Termodinamica\vromeroTermodinamicaRed\Termoesp\images\base.gif --> ftp.ucaribe.edu.mx /Termoesp/images base.gif
2014.08.29 19:36 B C:\vromero\Libros\Termodinamica\vromeroTermodinamicaRed\Termoesp\images\base.png --> ftp.ucaribe.edu.mx /Termoesp/images base.png
2014.08.29 19:36 B C:\vromero\Libros\Termodinamica\vromeroTermodinamicaRed\Termoesp\images\comb01.gif --> ftp.ucaribe.edu.mx /Termoesp/images comb01.gif
2014.08.29 19:36 B C:\vromero\Libros\Termodinamica\vromeroTermodinamicaRed\Termoesp\images\DiagFasesAgua.gif --> ftp.ucaribe.edu.mx /Termoesp/images DiagFasesAgua.gif
2014.08.29 19:36 B C:\vromero\Libros\Termodinamica\vromeroTermodinamicaRed\Termoesp\images\DiagFasesAgua001.gif --> ftp.ucaribe.edu.mx /Termoesp/images DiagFasesAgua001.gif
2014.08.29 19:36 B C:\vromero\Libros\Termodinamica\vromeroTermodinamicaRed\Termoesp\images\fondo-01.jpg --> ftp.ucaribe.edu.mx /Termoesp/images fondo-01.jpg
2014.08.29 19:36 B C:\vromero\Libros\Termodinamica\vromeroTermodinamicaRed\Termoesp\images\fondo-02.jpg --> ftp.ucaribe.edu.mx /Termoesp/images fondo-02.jpg
2014.08.29 19:36 B C:\vromero\Libros\Termodinamica\vromeroTermodinamicaRed\Termoesp\images\fondo-03.jpg --> ftp.ucaribe.edu.mx /Termoesp/images fondo-03.jpg
2014.08.29 19:36 B C:\vromero\Libros\Termodinamica\vromeroTermodinamicaRed\Termoesp\images\fondo-04.jpg --> ftp.ucaribe.edu.mx /Termoesp/images fondo-04.jpg
2014.08.29 19:36 B C:\vromero\Libros\Termodinamica\vromeroTermodinamicaRed\Termoesp\images\fondo-05.jpg --> ftp.ucaribe.edu.mx /Termoesp/images fondo-05.jpg
2014.08.29 19:36 B C:\vromero\Libros\Termodinamica\vromeroTermodinamicaRed\Termoesp\images\fondo-06.jpg --> ftp.ucaribe.edu.mx /Termoesp/images fondo-06.jpg
2014.08.29 19:36 B C:\vromero\Libros\Termodinamica\vromeroTermodinamicaRed\Termoesp\images\fondo-07.jpg --> ftp.ucaribe.edu.mx /Termoesp/images fondo-07.jpg
2014.08.29 19:36 B C:\vromero\Libros\Termodinamica\vromeroTermodinamicaRed\Termoesp\images\fondo-08.jpg --> ftp.ucaribe.edu.mx /Termoesp/images fondo-08.jpg
2014.08.29 19:36 B C:\vromero\Libros\Termodinamica\vromeroTermodinamicaRed\Termoesp\images\fondo-09.jpg --> ftp.ucaribe.edu.mx /Termoesp/images fondo-09.jpg
2014.08.29 19:36 B C:\vromero\Libros\Termodinamica\vromeroTermodinamicaRed\Termoesp\images\fondo-10.jpg --> ftp.ucaribe.edu.mx /Termoesp/images fondo-10.jpg
2014.08.29 19:36 B C:\vromero\Libros\Termodinamica\vromeroTermodinamicaRed\Termoesp\images\fondo-11.jpg --> ftp.ucaribe.edu.mx /Termoesp/images fondo-11.jpg
2014.08.29 19:36 B C:\vromero\Libros\Termodinamica\vromeroTermodinamicaRed\Termoesp\images\fondo-12.jpg --> ftp.ucaribe.edu.mx /Termoesp/images fondo-12.jpg
2014.08.29 19:36 B C:\vromero\Libros\Termodinamica\vromeroTermodinamicaRed\Termoesp\images\fondo-13.jpg --> ftp.ucaribe.edu.mx /Termoesp/images fondo-13.jpg
2014.08.29 19:36 B C:\vromero\Libros\Termodinamica\vromeroTermodinamicaRed\Termoesp\images\fondo-14.jpg --> ftp.ucaribe.edu.mx /Termoesp/images fondo-14.jpg
2014.08.29 19:36 B C:\vromero\Libros\Termodinamica\vromeroTermodinamicaRed\Termoesp\images\img100-3.gif --> ftp.ucaribe.edu.mx /Termoesp/images img100-3.gif
2014.08.29 19:36 B C:\vromero\Libros\Termodinamica\vromeroTermodinamicaRed\Termoesp\images\img101-10.gif --> ftp.ucaribe.edu.mx /Termoesp/images img101-10.gif
2014.08.29 19:36 B C:\vromero\Libros\Termodinamica\vromeroTermodinamicaRed\Termoesp\images\img101-11.gif --> ftp.ucaribe.edu.mx /Termoesp/images img101-11.gif
2014.08.29 19:36 B C:\vromero\Libros\Termodinamica\vromeroTermodinamicaRed\Termoesp\images\img101-12.gif --> ftp.ucaribe.edu.mx /Termoesp/images img101-12.gif
2014.08.29 19:36 B C:\vromero\Libros\Termodinamica\vromeroTermodinamicaRed\Termoesp\images\img101-13.gif --> ftp.ucaribe.edu.mx /Termoesp/images img101-13.gif
2014.08.29 19:36 B C:\vromero\Libros\Termodinamica\vromeroTermodinamicaRed\Termoesp\images\img101-14.gif --> ftp.ucaribe.edu.mx /Termoesp/images img101-14.gif
2014.08.29 19:36 B C:\vromero\Libros\Termodinamica\vromeroTermodinamicaRed\Termoesp\images\img101-15.gif --> ftp.ucaribe.edu.mx /Termoesp/images img101-15.gif
2014.08.29 19:36 B C:\vromero\Libros\Termodinamica\vromeroTermodinamicaRed\Termoesp\images\img101-16.gif --> ftp.ucaribe.edu.mx /Termoesp/images img101-16.gif
2014.08.29 19:36 B C:\vromero\Libros\Termodinamica\vromeroTermodinamicaRed\Termoesp\images\img101-17.gif --> ftp.ucaribe.edu.mx /Termoesp/images img101-17.gif
2014.08.29 19:36 B C:\vromero\Libros\Termodinamica\vromeroTermodinamicaRed\Termoesp\images\img101-18.gif --> ftp.ucaribe.edu.mx /Termoesp/images img101-18.gif
2014.08.29 19:36 B C:\vromero\Libros\Termodinamica\vromeroTermodinamicaRed\Termoesp\images\img101-19.gif --> ftp.ucaribe.edu.mx /Termoesp/images img101-19.gif
2014.08.29 19:36 B C:\vromero\Libros\Termodinamica\vromeroTermodinamicaRed\Termoesp\images\img101-20.gif --> ftp.ucaribe.edu.mx /Termoesp/images img101-20.gif
2014.08.29 19:36 B C:\vromero\Libros\Termodinamica\vromeroTermodinamicaRed\Termoesp\images\img101-3.gif --> ftp.ucaribe.edu.mx /Termoesp/images img101-3.gif
2014.08.29 19:36 B C:\vromero\Libros\Termodinamica\vromeroTermodinamicaRed\Termoesp\images\img101-4.gif --> ftp.ucaribe.edu.mx /Termoesp/images img101-4.gif
2014.08.29 19:36 B C:\vromero\Libros\Termodinamica\vromeroTermodinamicaRed\Termoesp\images\img101-5.gif --> ftp.ucaribe.edu.mx /Termoesp/images img101-5.gif
2014.08.29 19:36 B C:\vromero\Libros\Termodinamica\vromeroTermodinamicaRed\Termoesp\images\img101-6.gif --> ftp.ucaribe.edu.mx /Termoesp/images img101-6.gif
2014.08.29 19:36 B C:\vromero\Libros\Termodinamica\vromeroTermodinamicaRed\Termoesp\images\img101-7.gif --> ftp.ucaribe.edu.mx /Termoesp/images img101-7.gif
2014.08.29 19:36 B C:\vromero\Libros\Termodinamica\vromeroTermodinamicaRed\Termoesp\images\img101-8.gif --> ftp.ucaribe.edu.mx /Termoesp/images img101-8.gif
2014.08.29 19:36 B C:\vromero\Libros\Termodinamica\vromeroTermodinamicaRed\Termoesp\images\img101-9.gif --> ftp.ucaribe.edu.mx /Termoesp/images img101-9.gif
2014.08.29 19:36 B C:\vromero\Libros\Termodinamica\vromeroTermodinamicaRed\Termoesp\images\img102-3.gif --> ftp.ucaribe.edu.mx /Termoesp/images img102-3.gif
2014.08.29 19:36 B C:\vromero\Libros\Termodinamica\vromeroTermodinamicaRed\Termoesp\images\img102-4.gif --> ftp.ucaribe.edu.mx /Termoesp/images img102-4.gif
2014.08.29 19:36 B C:\vromero\Libros\Termodinamica\vromeroTermodinamicaRed\Termoesp\images\img102-5.gif --> ftp.ucaribe.edu.mx /Termoesp/images img102-5.gif
2014.08.29 19:36 B C:\vromero\Libros\Termodinamica\vromeroTermodinamicaRed\Termoesp\images\img102-6.gif --> ftp.ucaribe.edu.mx /Termoesp/images img102-6.gif
2014.08.29 19:36 B C:\vromero\Libros\Termodinamica\vromeroTermodinamicaRed\Termoesp\images\img102-7.gif --> ftp.ucaribe.edu.mx /Termoesp/images img102-7.gif
2014.08.29 19:36 B C:\vromero\Libros\Termodinamica\vromeroTermodinamicaRed\Termoesp\images\img103-10.gif --> ftp.ucaribe.edu.mx /Termoesp/images img103-10.gif
2014.08.29 19:36 B C:\vromero\Libros\Termodinamica\vromeroTermodinamicaRed\Termoesp\images\img103-11.gif --> ftp.ucaribe.edu.mx /Termoesp/images img103-11.gif
2014.08.29 19:36 B C:\vromero\Libros\Termodinamica\vromeroTermodinamicaRed\Termoesp\images\img103-12.gif --> ftp.ucaribe.edu.mx /Termoesp/images img103-12.gif
2014.08.29 19:36 B C:\vromero\Libros\Termodinamica\vromeroTermodinamicaRed\Termoesp\images\img103-13.gif --> ftp.ucaribe.edu.mx /Termoesp/images img103-13.gif
2014.08.29 19:36 B C:\vromero\Libros\Termodinamica\vromeroTermodinamicaRed\Termoesp\images\img103-14.gif --> ftp.ucaribe.edu.mx /Termoesp/images img103-14.gif
2014.08.29 19:36 B C:\vromero\Libros\Termodinamica\vromeroTermodinamicaRed\Termoesp\images\img103-15.gif --> ftp.ucaribe.edu.mx /Termoesp/images img103-15.gif
2014.08.29 19:36 B C:\vromero\Libros\Termodinamica\vromeroTermodinamicaRed\Termoesp\images\img103-3.gif --> ftp.ucaribe.edu.mx /Termoesp/images img103-3.gif
2014.08.29 19:36 B C:\vromero\Libros\Termodinamica\vromeroTermodinamicaRed\Termoesp\images\img103-4.gif --> ftp.ucaribe.edu.mx /Termoesp/images img103-4.gif
2014.08.29 19:36 B C:\vromero\Libros\Termodinamica\vromeroTermodinamicaRed\Termoesp\images\img103-5.gif --> ftp.ucaribe.edu.mx /Termoesp/images img103-5.gif
2014.08.29 19:36 B C:\vromero\Libros\Termodinamica\vromeroTermodinamicaRed\Termoesp\images\img103-6.gif --> ftp.ucaribe.edu.mx /Termoesp/images img103-6.gif
2014.08.29 19:36 B C:\vromero\Libros\Termodinamica\vromeroTermodinamicaRed\Termoesp\images\img103-7.gif --> ftp.ucaribe.edu.mx /Termoesp/images img103-7.gif
2014.08.29 19:36 B C:\vromero\Libros\Termodinamica\vromeroTermodinamicaRed\Termoesp\images\img103-8.gif --> ftp.ucaribe.edu.mx /Termoesp/images img103-8.gif
2014.08.29 19:36 B C:\vromero\Libros\Termodinamica\vromeroTermodinamicaRed\Termoesp\images\img103-9.gif --> ftp.ucaribe.edu.mx /Termoesp/images img103-9.gif
2014.08.29 19:36 B C:\vromero\Libros\Termodinamica\vromeroTermodinamicaRed\Termoesp\images\img104-3.gif --> ftp.ucaribe.edu.mx /Termoesp/images img104-3.gif
2014.08.29 19:36 B C:\vromero\Libros\Termodinamica\vromeroTermodinamicaRed\Termoesp\images\img104-4.gif --> ftp.ucaribe.edu.mx /Termoesp/images img104-4.gif
2014.08.29 19:36 B C:\vromero\Libros\Termodinamica\vromeroTermodinamicaRed\Termoesp\images\img104-5.gif --> ftp.ucaribe.edu.mx /Termoesp/images img104-5.gif
2014.08.29 19:36 B C:\vromero\Libros\Termodinamica\vromeroTermodinamicaRed\Termoesp\images\img104-6.gif --> ftp.ucaribe.edu.mx /Termoesp/images img104-6.gif
2014.08.29 19:36 B C:\vromero\Libros\Termodinamica\vromeroTermodinamicaRed\Termoesp\images\img104-7.gif --> ftp.ucaribe.edu.mx /Termoesp/images img104-7.gif
2014.08.29 19:36 B C:\vromero\Libros\Termodinamica\vromeroTermodinamicaRed\Termoesp\images\img104-8.gif --> ftp.ucaribe.edu.mx /Termoesp/images img104-8.gif
2014.08.29 19:36 B C:\vromero\Libros\Termodinamica\vromeroTermodinamicaRed\Termoesp\images\img104-9.gif --> ftp.ucaribe.edu.mx /Termoesp/images img104-9.gif
2014.08.29 19:36 B C:\vromero\Libros\Termodinamica\vromeroTermodinamicaRed\Termoesp\images\img105-10.gif --> ftp.ucaribe.edu.mx /Termoesp/images img105-10.gif
2014.08.29 19:36 B C:\vromero\Libros\Termodinamica\vromeroTermodinamicaRed\Termoesp\images\img105-11.gif --> ftp.ucaribe.edu.mx /Termoesp/images img105-11.gif
2014.08.29 19:36 B C:\vromero\Libros\Termodinamica\vromeroTermodinamicaRed\Termoesp\images\img105-12.gif --> ftp.ucaribe.edu.mx /Termoesp/images img105-12.gif
2014.08.29 19:36 B C:\vromero\Libros\Termodinamica\vromeroTermodinamicaRed\Termoesp\images\img105-13.gif --> ftp.ucaribe.edu.mx /Termoesp/images img105-13.gif
2014.08.29 19:36 B C:\vromero\Libros\Termodinamica\vromeroTermodinamicaRed\Termoesp\images\img105-14.gif --> ftp.ucaribe.edu.mx /Termoesp/images img105-14.gif
2014.08.29 19:36 B C:\vromero\Libros\Termodinamica\vromeroTermodinamicaRed\Termoesp\images\img105-15.gif --> ftp.ucaribe.edu.mx /Termoesp/images img105-15.gif
2014.08.29 19:36 B C:\vromero\Libros\Termodinamica\vromeroTermodinamicaRed\Termoesp\images\img105-16.gif --> ftp.ucaribe.edu.mx /Termoesp/images img105-16.gif
2014.08.29 19:36 B C:\vromero\Libros\Termodinamica\vromeroTermodinamicaRed\Termoesp\images\img105-17.gif --> ftp.ucaribe.edu.mx /Termoesp/images img105-17.gif
2014.08.29 19:36 B C:\vromero\Libros\Termodinamica\vromeroTermodinamicaRed\Termoesp\images\img105-18.gif --> ftp.ucaribe.edu.mx /Termoesp/images img105-18.gif
2014.08.29 19:36 B C:\vromero\Libros\Termodinamica\vromeroTermodinamicaRed\Termoesp\images\img105-19.gif --> ftp.ucaribe.edu.mx /Termoesp/images img105-19.gif
2014.08.29 19:36 B C:\vromero\Libros\Termodinamica\vromeroTermodinamicaRed\Termoesp\images\img105-20.gif --> ftp.ucaribe.edu.mx /Termoesp/images img105-20.gif
2014.08.29 19:36 B C:\vromero\Libros\Termodinamica\vromeroTermodinamicaRed\Termoesp\images\img105-21.gif --> ftp.ucaribe.edu.mx /Termoesp/images img105-21.gif
2014.08.29 19:36 B C:\vromero\Libros\Termodinamica\vromeroTermodinamicaRed\Termoesp\images\img105-22.gif --> ftp.ucaribe.edu.mx /Termoesp/images img105-22.gif
2014.08.29 19:36 B C:\vromero\Libros\Termodinamica\vromeroTermodinamicaRed\Termoesp\images\img105-23.gif --> ftp.ucaribe.edu.mx /Termoesp/images img105-23.gif
2014.08.29 19:36 B C:\vromero\Libros\Termodinamica\vromeroTermodinamicaRed\Termoesp\images\img105-24.gif --> ftp.ucaribe.edu.mx /Termoesp/images img105-24.gif
2014.08.29 19:36 B C:\vromero\Libros\Termodinamica\vromeroTermodinamicaRed\Termoesp\images\img105-25.gif --> ftp.ucaribe.edu.mx /Termoesp/images img105-25.gif
2014.08.29 19:36 B C:\vromero\Libros\Termodinamica\vromeroTermodinamicaRed\Termoesp\images\img105-26.gif --> ftp.ucaribe.edu.mx /Termoesp/images img105-26.gif
2014.08.29 19:36 B C:\vromero\Libros\Termodinamica\vromeroTermodinamicaRed\Termoesp\images\img105-27.gif --> ftp.ucaribe.edu.mx /Termoesp/images img105-27.gif
2014.08.29 19:36 B C:\vromero\Libros\Termodinamica\vromeroTermodinamicaRed\Termoesp\images\img105-28.gif --> ftp.ucaribe.edu.mx /Termoesp/images img105-28.gif
2014.08.29 19:36 B C:\vromero\Libros\Termodinamica\vromeroTermodinamicaRed\Termoesp\images\img105-29.gif --> ftp.ucaribe.edu.mx /Termoesp/images img105-29.gif
2014.08.29 19:36 B C:\vromero\Libros\Termodinamica\vromeroTermodinamicaRed\Termoesp\images\img105-3.gif --> ftp.ucaribe.edu.mx /Termoesp/images img105-3.gif
2014.08.29 19:36 B C:\vromero\Libros\Termodinamica\vromeroTermodinamicaRed\Termoesp\images\img105-30.gif --> ftp.ucaribe.edu.mx /Termoesp/images img105-30.gif
2014.08.29 19:36 B C:\vromero\Libros\Termodinamica\vromeroTermodinamicaRed\Termoesp\images\img105-4.gif --> ftp.ucaribe.edu.mx /Termoesp/images img105-4.gif
2014.08.29 19:36 B C:\vromero\Libros\Termodinamica\vromeroTermodinamicaRed\Termoesp\images\img105-5.gif --> ftp.ucaribe.edu.mx /Termoesp/images img105-5.gif
2014.08.29 19:36 B C:\vromero\Libros\Termodinamica\vromeroTermodinamicaRed\Termoesp\images\img105-6.gif --> ftp.ucaribe.edu.mx /Termoesp/images img105-6.gif
2014.08.29 19:36 B C:\vromero\Libros\Termodinamica\vromeroTermodinamicaRed\Termoesp\images\img105-7.gif --> ftp.ucaribe.edu.mx /Termoesp/images img105-7.gif
2014.08.29 19:36 B C:\vromero\Libros\Termodinamica\vromeroTermodinamicaRed\Termoesp\images\img105-8.gif --> ftp.ucaribe.edu.mx /Termoesp/images img105-8.gif
2014.08.29 19:36 B C:\vromero\Libros\Termodinamica\vromeroTermodinamicaRed\Termoesp\images\img105-9.gif --> ftp.ucaribe.edu.mx /Termoesp/images img105-9.gif
2014.08.29 19:36 B C:\vromero\Libros\Termodinamica\vromeroTermodinamicaRed\Termoesp\images\img106-10.gif --> ftp.ucaribe.edu.mx /Termoesp/images img106-10.gif
2014.08.29 19:36 B C:\vromero\Libros\Termodinamica\vromeroTermodinamicaRed\Termoesp\images\img106-11.gif --> ftp.ucaribe.edu.mx /Termoesp/images img106-11.gif
2014.08.29 19:36 B C:\vromero\Libros\Termodinamica\vromeroTermodinamicaRed\Termoesp\images\img106-12.gif --> ftp.ucaribe.edu.mx /Termoesp/images img106-12.gif
2014.08.29 19:36 B C:\vromero\Libros\Termodinamica\vromeroTermodinamicaRed\Termoesp\images\img106-13.gif --> ftp.ucaribe.edu.mx /Termoesp/images img106-13.gif
2014.08.29 19:36 B C:\vromero\Libros\Termodinamica\vromeroTermodinamicaRed\Termoesp\images\img106-14.gif --> ftp.ucaribe.edu.mx /Termoesp/images img106-14.gif
2014.08.29 19:36 B C:\vromero\Libros\Termodinamica\vromeroTermodinamicaRed\Termoesp\images\img106-15.gif --> ftp.ucaribe.edu.mx /Termoesp/images img106-15.gif
2014.08.29 19:36 B C:\vromero\Libros\Termodinamica\vromeroTermodinamicaRed\Termoesp\images\img106-16.gif --> ftp.ucaribe.edu.mx /Termoesp/images img106-16.gif
2014.08.29 19:36 B C:\vromero\Libros\Termodinamica\vromeroTermodinamicaRed\Termoesp\images\img106-17.gif --> ftp.ucaribe.edu.mx /Termoesp/images img106-17.gif
2014.08.29 19:36 B C:\vromero\Libros\Termodinamica\vromeroTermodinamicaRed\Termoesp\images\img106-18.gif --> ftp.ucaribe.edu.mx /Termoesp/images img106-18.gif
2014.08.29 19:36 B C:\vromero\Libros\Termodinamica\vromeroTermodinamicaRed\Termoesp\images\img106-19.gif --> ftp.ucaribe.edu.mx /Termoesp/images img106-19.gif
2014.08.29 19:36 B C:\vromero\Libros\Termodinamica\vromeroTermodinamicaRed\Termoesp\images\img106-20.gif --> ftp.ucaribe.edu.mx /Termoesp/images img106-20.gif
2014.08.29 19:36 B C:\vromero\Libros\Termodinamica\vromeroTermodinamicaRed\Termoesp\images\img106-21.gif --> ftp.ucaribe.edu.mx /Termoesp/images img106-21.gif
2014.08.29 19:36 B C:\vromero\Libros\Termodinamica\vromeroTermodinamicaRed\Termoesp\images\img106-22.gif --> ftp.ucaribe.edu.mx /Termoesp/images img106-22.gif
2014.08.29 19:36 B C:\vromero\Libros\Termodinamica\vromeroTermodinamicaRed\Termoesp\images\img106-3.gif --> ftp.ucaribe.edu.mx /Termoesp/images img106-3.gif
2014.08.29 19:36 B C:\vromero\Libros\Termodinamica\vromeroTermodinamicaRed\Termoesp\images\img106-4.gif --> ftp.ucaribe.edu.mx /Termoesp/images img106-4.gif
2014.08.29 19:36 B C:\vromero\Libros\Termodinamica\vromeroTermodinamicaRed\Termoesp\images\img106-5.gif --> ftp.ucaribe.edu.mx /Termoesp/images img106-5.gif
2014.08.29 19:36 B C:\vromero\Libros\Termodinamica\vromeroTermodinamicaRed\Termoesp\images\img106-6.gif --> ftp.ucaribe.edu.mx /Termoesp/images img106-6.gif
2014.08.29 19:36 B C:\vromero\Libros\Termodinamica\vromeroTermodinamicaRed\Termoesp\images\img106-7.gif --> ftp.ucaribe.edu.mx /Termoesp/images img106-7.gif
2014.08.29 19:36 B C:\vromero\Libros\Termodinamica\vromeroTermodinamicaRed\Termoesp\images\img106-8.gif --> ftp.ucaribe.edu.mx /Termoesp/images img106-8.gif
2014.08.29 19:36 B C:\vromero\Libros\Termodinamica\vromeroTermodinamicaRed\Termoesp\images\img106-9.gif --> ftp.ucaribe.edu.mx /Termoesp/images img106-9.gif
2014.08.29 19:36 B C:\vromero\Libros\Termodinamica\vromeroTermodinamicaRed\Termoesp\images\img107-10.gif --> ftp.ucaribe.edu.mx /Termoesp/images img107-10.gif
2014.08.29 19:36 B C:\vromero\Libros\Termodinamica\vromeroTermodinamicaRed\Termoesp\images\img107-11.gif --> ftp.ucaribe.edu.mx /Termoesp/images img107-11.gif
2014.08.29 19:36 B C:\vromero\Libros\Termodinamica\vromeroTermodinamicaRed\Termoesp\images\img107-12.gif --> ftp.ucaribe.edu.mx /Termoesp/images img107-12.gif
2014.08.29 19:36 B C:\vromero\Libros\Termodinamica\vromeroTermodinamicaRed\Termoesp\images\img107-13.gif --> ftp.ucaribe.edu.mx /Termoesp/images img107-13.gif
2014.08.29 19:36 B C:\vromero\Libros\Termodinamica\vromeroTermodinamicaRed\Termoesp\images\img107-14.gif --> ftp.ucaribe.edu.mx /Termoesp/images img107-14.gif
2014.08.29 19:36 B C:\vromero\Libros\Termodinamica\vromeroTermodinamicaRed\Termoesp\images\img107-15.gif --> ftp.ucaribe.edu.mx /Termoesp/images img107-15.gif
2014.08.29 19:36 B C:\vromero\Libros\Termodinamica\vromeroTermodinamicaRed\Termoesp\images\img107-16.gif --> ftp.ucaribe.edu.mx /Termoesp/images img107-16.gif
2014.08.29 19:36 B C:\vromero\Libros\Termodinamica\vromeroTermodinamicaRed\Termoesp\images\img107-17.gif --> ftp.ucaribe.edu.mx /Termoesp/images img107-17.gif
2014.08.29 19:36 B C:\vromero\Libros\Termodinamica\vromeroTermodinamicaRed\Termoesp\images\img107-18.gif --> ftp.ucaribe.edu.mx /Termoesp/images img107-18.gif
2014.08.29 19:36 B C:\vromero\Libros\Termodinamica\vromeroTermodinamicaRed\Termoesp\images\img107-19.gif --> ftp.ucaribe.edu.mx /Termoesp/images img107-19.gif
2014.08.29 19:36 B C:\vromero\Libros\Termodinamica\vromeroTermodinamicaRed\Termoesp\images\img107-20.gif --> ftp.ucaribe.edu.mx /Termoesp/images img107-20.gif
2014.08.29 19:36 B C:\vromero\Libros\Termodinamica\vromeroTermodinamicaRed\Termoesp\images\img107-21.gif --> ftp.ucaribe.edu.mx /Termoesp/images img107-21.gif
2014.08.29 19:36 B C:\vromero\Libros\Termodinamica\vromeroTermodinamicaRed\Termoesp\images\img107-22.gif --> ftp.ucaribe.edu.mx /Termoesp/images img107-22.gif
2014.08.29 19:36 B C:\vromero\Libros\Termodinamica\vromeroTermodinamicaRed\Termoesp\images\img107-23.gif --> ftp.ucaribe.edu.mx /Termoesp/images img107-23.gif
2014.08.29 19:36 B C:\vromero\Libros\Termodinamica\vromeroTermodinamicaRed\Termoesp\images\img107-24.gif --> ftp.ucaribe.edu.mx /Termoesp/images img107-24.gif
2014.08.29 19:36 B C:\vromero\Libros\Termodinamica\vromeroTermodinamicaRed\Termoesp\images\img107-25.gif --> ftp.ucaribe.edu.mx /Termoesp/images img107-25.gif
2014.08.29 19:36 B C:\vromero\Libros\Termodinamica\vromeroTermodinamicaRed\Termoesp\images\img107-27.gif --> ftp.ucaribe.edu.mx /Termoesp/images img107-27.gif
2014.08.29 19:36 B C:\vromero\Libros\Termodinamica\vromeroTermodinamicaRed\Termoesp\images\img107-28.gif --> ftp.ucaribe.edu.mx /Termoesp/images img107-28.gif
2014.08.29 19:36 B C:\vromero\Libros\Termodinamica\vromeroTermodinamicaRed\Termoesp\images\img107-29.gif --> ftp.ucaribe.edu.mx /Termoesp/images img107-29.gif
2014.08.29 19:36 B C:\vromero\Libros\Termodinamica\vromeroTermodinamicaRed\Termoesp\images\img107-3.gif --> ftp.ucaribe.edu.mx /Termoesp/images img107-3.gif
2014.08.29 19:36 B C:\vromero\Libros\Termodinamica\vromeroTermodinamicaRed\Termoesp\images\img107-30.gif --> ftp.ucaribe.edu.mx /Termoesp/images img107-30.gif
2014.08.29 19:36 B C:\vromero\Libros\Termodinamica\vromeroTermodinamicaRed\Termoesp\images\img107-4.gif --> ftp.ucaribe.edu.mx /Termoesp/images img107-4.gif
2014.08.29 19:36 B C:\vromero\Libros\Termodinamica\vromeroTermodinamicaRed\Termoesp\images\img107-5.gif --> ftp.ucaribe.edu.mx /Termoesp/images img107-5.gif
2014.08.29 19:36 B C:\vromero\Libros\Termodinamica\vromeroTermodinamicaRed\Termoesp\images\img107-6.gif --> ftp.ucaribe.edu.mx /Termoesp/images img107-6.gif
2014.08.29 19:36 B C:\vromero\Libros\Termodinamica\vromeroTermodinamicaRed\Termoesp\images\img107-7.gif --> ftp.ucaribe.edu.mx /Termoesp/images img107-7.gif
2014.08.29 19:36 B C:\vromero\Libros\Termodinamica\vromeroTermodinamicaRed\Termoesp\images\img107-8.gif --> ftp.ucaribe.edu.mx /Termoesp/images img107-8.gif
2014.08.29 19:36 B C:\vromero\Libros\Termodinamica\vromeroTermodinamicaRed\Termoesp\images\img107-9.gif --> ftp.ucaribe.edu.mx /Termoesp/images img107-9.gif
2014.08.29 19:36 B C:\vromero\Libros\Termodinamica\vromeroTermodinamicaRed\Termoesp\images\img108-3.gif --> ftp.ucaribe.edu.mx /Termoesp/images img108-3.gif
2014.08.29 19:36 B C:\vromero\Libros\Termodinamica\vromeroTermodinamicaRed\Termoesp\images\img108-4.gif --> ftp.ucaribe.edu.mx /Termoesp/images img108-4.gif
2014.08.29 19:36 B C:\vromero\Libros\Termodinamica\vromeroTermodinamicaRed\Termoesp\images\img108-5.gif --> ftp.ucaribe.edu.mx /Termoesp/images img108-5.gif
2014.08.29 19:36 B C:\vromero\Libros\Termodinamica\vromeroTermodinamicaRed\Termoesp\images\img108-6.gif --> ftp.ucaribe.edu.mx /Termoesp/images img108-6.gif
2014.08.29 19:36 B C:\vromero\Libros\Termodinamica\vromeroTermodinamicaRed\Termoesp\images\img108-7.gif --> ftp.ucaribe.edu.mx /Termoesp/images img108-7.gif
2014.08.29 19:36 B C:\vromero\Libros\Termodinamica\vromeroTermodinamicaRed\Termoesp\images\img108-8.gif --> ftp.ucaribe.edu.mx /Termoesp/images img108-8.gif
2014.08.29 19:36 B C:\vromero\Libros\Termodinamica\vromeroTermodinamicaRed\Termoesp\images\img109-3.gif --> ftp.ucaribe.edu.mx /Termoesp/images img109-3.gif
2014.08.29 19:36 B C:\vromero\Libros\Termodinamica\vromeroTermodinamicaRed\Termoesp\images\img109-4.gif --> ftp.ucaribe.edu.mx /Termoesp/images img109-4.gif
2014.08.29 19:36 B C:\vromero\Libros\Termodinamica\vromeroTermodinamicaRed\Termoesp\images\img109-5.gif --> ftp.ucaribe.edu.mx /Termoesp/images img109-5.gif
2014.08.29 19:36 B C:\vromero\Libros\Termodinamica\vromeroTermodinamicaRed\Termoesp\images\img109-6.gif --> ftp.ucaribe.edu.mx /Termoesp/images img109-6.gif
2014.08.29 19:36 B C:\vromero\Libros\Termodinamica\vromeroTermodinamicaRed\Termoesp\images\img110-10.gif --> ftp.ucaribe.edu.mx /Termoesp/images img110-10.gif
2014.08.29 19:36 B C:\vromero\Libros\Termodinamica\vromeroTermodinamicaRed\Termoesp\images\img110-11.gif --> ftp.ucaribe.edu.mx /Termoesp/images img110-11.gif
2014.08.29 19:36 B C:\vromero\Libros\Termodinamica\vromeroTermodinamicaRed\Termoesp\images\img110-12.gif --> ftp.ucaribe.edu.mx /Termoesp/images img110-12.gif
2014.08.29 19:36 B C:\vromero\Libros\Termodinamica\vromeroTermodinamicaRed\Termoesp\images\img110-13.gif --> ftp.ucaribe.edu.mx /Termoesp/images img110-13.gif
2014.08.29 19:36 B C:\vromero\Libros\Termodinamica\vromeroTermodinamicaRed\Termoesp\images\img110-14.gif --> ftp.ucaribe.edu.mx /Termoesp/images img110-14.gif
2014.08.29 19:36 B C:\vromero\Libros\Termodinamica\vromeroTermodinamicaRed\Termoesp\images\img110-15.gif --> ftp.ucaribe.edu.mx /Termoesp/images img110-15.gif
2014.08.29 19:36 B C:\vromero\Libros\Termodinamica\vromeroTermodinamicaRed\Termoesp\images\img110-16.gif --> ftp.ucaribe.edu.mx /Termoesp/images img110-16.gif
2014.08.29 19:36 B C:\vromero\Libros\Termodinamica\vromeroTermodinamicaRed\Termoesp\images\img110-17.gif --> ftp.ucaribe.edu.mx /Termoesp/images img110-17.gif
2014.08.29 19:36 B C:\vromero\Libros\Termodinamica\vromeroTermodinamicaRed\Termoesp\images\img110-18.gif --> ftp.ucaribe.edu.mx /Termoesp/images img110-18.gif
2014.08.29 19:36 B C:\vromero\Libros\Termodinamica\vromeroTermodinamicaRed\Termoesp\images\img110-19.gif --> ftp.ucaribe.edu.mx /Termoesp/images img110-19.gif
2014.08.29 19:36 B C:\vromero\Libros\Termodinamica\vromeroTermodinamicaRed\Termoesp\images\img110-20.gif --> ftp.ucaribe.edu.mx /Termoesp/images img110-20.gif
2014.08.29 19:36 B C:\vromero\Libros\Termodinamica\vromeroTermodinamicaRed\Termoesp\images\img110-21.gif --> ftp.ucaribe.edu.mx /Termoesp/images img110-21.gif
2014.08.29 19:36 B C:\vromero\Libros\Termodinamica\vromeroTermodinamicaRed\Termoesp\images\img110-22.gif --> ftp.ucaribe.edu.mx /Termoesp/images img110-22.gif
2014.08.29 19:36 B C:\vromero\Libros\Termodinamica\vromeroTermodinamicaRed\Termoesp\images\img110-23.gif --> ftp.ucaribe.edu.mx /Termoesp/images img110-23.gif
2014.08.29 19:36 B C:\vromero\Libros\Termodinamica\vromeroTermodinamicaRed\Termoesp\images\img110-24.gif --> ftp.ucaribe.edu.mx /Termoesp/images img110-24.gif
2014.08.29 19:36 B C:\vromero\Libros\Termodinamica\vromeroTermodinamicaRed\Termoesp\images\img110-25.gif --> ftp.ucaribe.edu.mx /Termoesp/images img110-25.gif
2014.08.29 19:36 B C:\vromero\Libros\Termodinamica\vromeroTermodinamicaRed\Termoesp\images\img110-26.gif --> ftp.ucaribe.edu.mx /Termoesp/images img110-26.gif
2014.08.29 19:36 B C:\vromero\Libros\Termodinamica\vromeroTermodinamicaRed\Termoesp\images\img110-27.gif --> ftp.ucaribe.edu.mx /Termoesp/images img110-27.gif
2014.08.29 19:36 B C:\vromero\Libros\Termodinamica\vromeroTermodinamicaRed\Termoesp\images\img110-28.gif --> ftp.ucaribe.edu.mx /Termoesp/images img110-28.gif
2014.08.29 19:36 B C:\vromero\Libros\Termodinamica\vromeroTermodinamicaRed\Termoesp\images\img110-29.gif --> ftp.ucaribe.edu.mx /Termoesp/images img110-29.gif
2014.08.29 19:36 B C:\vromero\Libros\Termodinamica\vromeroTermodinamicaRed\Termoesp\images\img110-3.gif --> ftp.ucaribe.edu.mx /Termoesp/images img110-3.gif
2014.08.29 19:36 B C:\vromero\Libros\Termodinamica\vromeroTermodinamicaRed\Termoesp\images\img110-4.gif --> ftp.ucaribe.edu.mx /Termoesp/images img110-4.gif
2014.08.29 19:36 B C:\vromero\Libros\Termodinamica\vromeroTermodinamicaRed\Termoesp\images\img110-5.gif --> ftp.ucaribe.edu.mx /Termoesp/images img110-5.gif
2014.08.29 19:36 B C:\vromero\Libros\Termodinamica\vromeroTermodinamicaRed\Termoesp\images\img110-6.gif --> ftp.ucaribe.edu.mx /Termoesp/images img110-6.gif
2014.08.29 19:36 B C:\vromero\Libros\Termodinamica\vromeroTermodinamicaRed\Termoesp\images\img110-7.gif --> ftp.ucaribe.edu.mx /Termoesp/images img110-7.gif
2014.08.29 19:36 B C:\vromero\Libros\Termodinamica\vromeroTermodinamicaRed\Termoesp\images\img110-8.gif --> ftp.ucaribe.edu.mx /Termoesp/images img110-8.gif
2014.08.29 19:36 B C:\vromero\Libros\Termodinamica\vromeroTermodinamicaRed\Termoesp\images\img110-9.gif --> ftp.ucaribe.edu.mx /Termoesp/images img110-9.gif
2014.08.29 19:36 B C:\vromero\Libros\Termodinamica\vromeroTermodinamicaRed\Termoesp\images\img111-3.gif --> ftp.ucaribe.edu.mx /Termoesp/images img111-3.gif
2014.08.29 19:36 B C:\vromero\Libros\Termodinamica\vromeroTermodinamicaRed\Termoesp\images\img111-4.gif --> ftp.ucaribe.edu.mx /Termoesp/images img111-4.gif
2014.08.29 19:36 B C:\vromero\Libros\Termodinamica\vromeroTermodinamicaRed\Termoesp\images\img112-10.gif --> ftp.ucaribe.edu.mx /Termoesp/images img112-10.gif
2014.08.29 19:36 B C:\vromero\Libros\Termodinamica\vromeroTermodinamicaRed\Termoesp\images\img112-11.gif --> ftp.ucaribe.edu.mx /Termoesp/images img112-11.gif
2014.08.29 19:36 B C:\vromero\Libros\Termodinamica\vromeroTermodinamicaRed\Termoesp\images\img112-12.gif --> ftp.ucaribe.edu.mx /Termoesp/images img112-12.gif
2014.08.29 19:36 B C:\vromero\Libros\Termodinamica\vromeroTermodinamicaRed\Termoesp\images\img112-13.gif --> ftp.ucaribe.edu.mx /Termoesp/images img112-13.gif
2014.08.29 19:36 B C:\vromero\Libros\Termodinamica\vromeroTermodinamicaRed\Termoesp\images\img112-14.gif --> ftp.ucaribe.edu.mx /Termoesp/images img112-14.gif
2014.08.29 19:36 B C:\vromero\Libros\Termodinamica\vromeroTermodinamicaRed\Termoesp\images\img112-15.gif --> ftp.ucaribe.edu.mx /Termoesp/images img112-15.gif
2014.08.29 19:36 B C:\vromero\Libros\Termodinamica\vromeroTermodinamicaRed\Termoesp\images\img112-16.gif --> ftp.ucaribe.edu.mx /Termoesp/images img112-16.gif
2014.08.29 19:36 B C:\vromero\Libros\Termodinamica\vromeroTermodinamicaRed\Termoesp\images\img112-17.gif --> ftp.ucaribe.edu.mx /Termoesp/images img112-17.gif
2014.08.29 19:36 B C:\vromero\Libros\Termodinamica\vromeroTermodinamicaRed\Termoesp\images\img112-3.gif --> ftp.ucaribe.edu.mx /Termoesp/images img112-3.gif
2014.08.29 19:36 B C:\vromero\Libros\Termodinamica\vromeroTermodinamicaRed\Termoesp\images\img112-4.gif --> ftp.ucaribe.edu.mx /Termoesp/images img112-4.gif
2014.08.29 19:36 B C:\vromero\Libros\Termodinamica\vromeroTermodinamicaRed\Termoesp\images\img112-5.gif --> ftp.ucaribe.edu.mx /Termoesp/images img112-5.gif
2014.08.29 19:36 B C:\vromero\Libros\Termodinamica\vromeroTermodinamicaRed\Termoesp\images\img112-6.gif --> ftp.ucaribe.edu.mx /Termoesp/images img112-6.gif
2014.08.29 19:36 B C:\vromero\Libros\Termodinamica\vromeroTermodinamicaRed\Termoesp\images\img112-7.gif --> ftp.ucaribe.edu.mx /Termoesp/images img112-7.gif
2014.08.29 19:36 B C:\vromero\Libros\Termodinamica\vromeroTermodinamicaRed\Termoesp\images\img112-8.gif --> ftp.ucaribe.edu.mx /Termoesp/images img112-8.gif
2014.08.29 19:36 B C:\vromero\Libros\Termodinamica\vromeroTermodinamicaRed\Termoesp\images\img112-9.gif --> ftp.ucaribe.edu.mx /Termoesp/images img112-9.gif
2014.08.29 19:36 B C:\vromero\Libros\Termodinamica\vromeroTermodinamicaRed\Termoesp\images\img113-10.gif --> ftp.ucaribe.edu.mx /Termoesp/images img113-10.gif
2014.08.29 19:36 B C:\vromero\Libros\Termodinamica\vromeroTermodinamicaRed\Termoesp\images\img113-11.gif --> ftp.ucaribe.edu.mx /Termoesp/images img113-11.gif
2014.08.29 19:36 B C:\vromero\Libros\Termodinamica\vromeroTermodinamicaRed\Termoesp\images\img113-12.gif --> ftp.ucaribe.edu.mx /Termoesp/images img113-12.gif
2014.08.29 19:36 B C:\vromero\Libros\Termodinamica\vromeroTermodinamicaRed\Termoesp\images\img113-13.gif --> ftp.ucaribe.edu.mx /Termoesp/images img113-13.gif
2014.08.29 19:36 B C:\vromero\Libros\Termodinamica\vromeroTermodinamicaRed\Termoesp\images\img113-14.gif --> ftp.ucaribe.edu.mx /Termoesp/images img113-14.gif
2014.08.29 19:36 B C:\vromero\Libros\Termodinamica\vromeroTermodinamicaRed\Termoesp\images\img113-15.gif --> ftp.ucaribe.edu.mx /Termoesp/images img113-15.gif
2014.08.29 19:36 B C:\vromero\Libros\Termodinamica\vromeroTermodinamicaRed\Termoesp\images\img113-16.gif --> ftp.ucaribe.edu.mx /Termoesp/images img113-16.gif
2014.08.29 19:36 B C:\vromero\Libros\Termodinamica\vromeroTermodinamicaRed\Termoesp\images\img113-17.gif --> ftp.ucaribe.edu.mx /Termoesp/images img113-17.gif
2014.08.29 19:36 B C:\vromero\Libros\Termodinamica\vromeroTermodinamicaRed\Termoesp\images\img113-18.gif --> ftp.ucaribe.edu.mx /Termoesp/images img113-18.gif
2014.08.29 19:36 B C:\vromero\Libros\Termodinamica\vromeroTermodinamicaRed\Termoesp\images\img113-19.gif --> ftp.ucaribe.edu.mx /Termoesp/images img113-19.gif
2014.08.29 19:36 B C:\vromero\Libros\Termodinamica\vromeroTermodinamicaRed\Termoesp\images\img113-20.gif --> ftp.ucaribe.edu.mx /Termoesp/images img113-20.gif
2014.08.29 19:36 B C:\vromero\Libros\Termodinamica\vromeroTermodinamicaRed\Termoesp\images\img113-21.gif --> ftp.ucaribe.edu.mx /Termoesp/images img113-21.gif
2014.08.29 19:36 B C:\vromero\Libros\Termodinamica\vromeroTermodinamicaRed\Termoesp\images\img113-22.gif --> ftp.ucaribe.edu.mx /Termoesp/images img113-22.gif
2014.08.29 19:36 B C:\vromero\Libros\Termodinamica\vromeroTermodinamicaRed\Termoesp\images\img113-23.gif --> ftp.ucaribe.edu.mx /Termoesp/images img113-23.gif
2014.08.29 19:36 B C:\vromero\Libros\Termodinamica\vromeroTermodinamicaRed\Termoesp\images\img113-24.gif --> ftp.ucaribe.edu.mx /Termoesp/images img113-24.gif
2014.08.29 19:36 B C:\vromero\Libros\Termodinamica\vromeroTermodinamicaRed\Termoesp\images\img113-25.gif --> ftp.ucaribe.edu.mx /Termoesp/images img113-25.gif
2014.08.29 19:36 B C:\vromero\Libros\Termodinamica\vromeroTermodinamicaRed\Termoesp\images\img113-26.gif --> ftp.ucaribe.edu.mx /Termoesp/images img113-26.gif
2014.08.29 19:36 B C:\vromero\Libros\Termodinamica\vromeroTermodinamicaRed\Termoesp\images\img113-27.gif --> ftp.ucaribe.edu.mx /Termoesp/images img113-27.gif
2014.08.29 19:36 B C:\vromero\Libros\Termodinamica\vromeroTermodinamicaRed\Termoesp\images\img113-29.gif --> ftp.ucaribe.edu.mx /Termoesp/images img113-29.gif
2014.08.29 19:36 B C:\vromero\Libros\Termodinamica\vromeroTermodinamicaRed\Termoesp\images\img113-3.gif --> ftp.ucaribe.edu.mx /Termoesp/images img113-3.gif
2014.08.29 19:36 B C:\vromero\Libros\Termodinamica\vromeroTermodinamicaRed\Termoesp\images\img113-30.gif --> ftp.ucaribe.edu.mx /Termoesp/images img113-30.gif
2014.08.29 19:36 B C:\vromero\Libros\Termodinamica\vromeroTermodinamicaRed\Termoesp\images\img113-31.gif --> ftp.ucaribe.edu.mx /Termoesp/images img113-31.gif
2014.08.29 19:36 B C:\vromero\Libros\Termodinamica\vromeroTermodinamicaRed\Termoesp\images\img113-32.gif --> ftp.ucaribe.edu.mx /Termoesp/images img113-32.gif
2014.08.29 19:36 B C:\vromero\Libros\Termodinamica\vromeroTermodinamicaRed\Termoesp\images\img113-33.gif --> ftp.ucaribe.edu.mx /Termoesp/images img113-33.gif
2014.08.29 19:36 B C:\vromero\Libros\Termodinamica\vromeroTermodinamicaRed\Termoesp\images\img113-34.gif --> ftp.ucaribe.edu.mx /Termoesp/images img113-34.gif
2014.08.29 19:36 B C:\vromero\Libros\Termodinamica\vromeroTermodinamicaRed\Termoesp\images\img113-35.gif --> ftp.ucaribe.edu.mx /Termoesp/images img113-35.gif
2014.08.29 19:36 B C:\vromero\Libros\Termodinamica\vromeroTermodinamicaRed\Termoesp\images\img113-36.gif --> ftp.ucaribe.edu.mx /Termoesp/images img113-36.gif
2014.08.29 19:36 B C:\vromero\Libros\Termodinamica\vromeroTermodinamicaRed\Termoesp\images\img113-37.gif --> ftp.ucaribe.edu.mx /Termoesp/images img113-37.gif
2014.08.29 19:36 B C:\vromero\Libros\Termodinamica\vromeroTermodinamicaRed\Termoesp\images\img113-38.gif --> ftp.ucaribe.edu.mx /Termoesp/images img113-38.gif
2014.08.29 19:36 B C:\vromero\Libros\Termodinamica\vromeroTermodinamicaRed\Termoesp\images\img113-39.gif --> ftp.ucaribe.edu.mx /Termoesp/images img113-39.gif
2014.08.29 19:36 B C:\vromero\Libros\Termodinamica\vromeroTermodinamicaRed\Termoesp\images\img113-4.gif --> ftp.ucaribe.edu.mx /Termoesp/images img113-4.gif
2014.08.29 19:36 B C:\vromero\Libros\Termodinamica\vromeroTermodinamicaRed\Termoesp\images\img113-40.gif --> ftp.ucaribe.edu.mx /Termoesp/images img113-40.gif
2014.08.29 19:36 B C:\vromero\Libros\Termodinamica\vromeroTermodinamicaRed\Termoesp\images\img113-41.gif --> ftp.ucaribe.edu.mx /Termoesp/images img113-41.gif
2014.08.29 19:36 B C:\vromero\Libros\Termodinamica\vromeroTermodinamicaRed\Termoesp\images\img113-42.gif --> ftp.ucaribe.edu.mx /Termoesp/images img113-42.gif
2014.08.29 19:36 B C:\vromero\Libros\Termodinamica\vromeroTermodinamicaRed\Termoesp\images\img113-43.gif --> ftp.ucaribe.edu.mx /Termoesp/images img113-43.gif
2014.08.29 19:36 B C:\vromero\Libros\Termodinamica\vromeroTermodinamicaRed\Termoesp\images\img113-44.gif --> ftp.ucaribe.edu.mx /Termoesp/images img113-44.gif
2014.08.29 19:36 B C:\vromero\Libros\Termodinamica\vromeroTermodinamicaRed\Termoesp\images\img113-45.gif --> ftp.ucaribe.edu.mx /Termoesp/images img113-45.gif
2014.08.29 19:36 B C:\vromero\Libros\Termodinamica\vromeroTermodinamicaRed\Termoesp\images\img113-46.gif --> ftp.ucaribe.edu.mx /Termoesp/images img113-46.gif
2014.08.29 19:36 B C:\vromero\Libros\Termodinamica\vromeroTermodinamicaRed\Termoesp\images\img113-47.gif --> ftp.ucaribe.edu.mx /Termoesp/images img113-47.gif
2014.08.29 19:36 B C:\vromero\Libros\Termodinamica\vromeroTermodinamicaRed\Termoesp\images\img113-48.gif --> ftp.ucaribe.edu.mx /Termoesp/images img113-48.gif
2014.08.29 19:36 B C:\vromero\Libros\Termodinamica\vromeroTermodinamicaRed\Termoesp\images\img113-49.gif --> ftp.ucaribe.edu.mx /Termoesp/images img113-49.gif
2014.08.29 19:36 B C:\vromero\Libros\Termodinamica\vromeroTermodinamicaRed\Termoesp\images\img113-5.gif --> ftp.ucaribe.edu.mx /Termoesp/images img113-5.gif
2014.08.29 19:36 B C:\vromero\Libros\Termodinamica\vromeroTermodinamicaRed\Termoesp\images\img113-50.gif --> ftp.ucaribe.edu.mx /Termoesp/images img113-50.gif
2014.08.29 19:36 B C:\vromero\Libros\Termodinamica\vromeroTermodinamicaRed\Termoesp\images\img113-51.gif --> ftp.ucaribe.edu.mx /Termoesp/images img113-51.gif
2014.08.29 19:36 B C:\vromero\Libros\Termodinamica\vromeroTermodinamicaRed\Termoesp\images\img113-52.gif --> ftp.ucaribe.edu.mx /Termoesp/images img113-52.gif
2014.08.29 19:36 B C:\vromero\Libros\Termodinamica\vromeroTermodinamicaRed\Termoesp\images\img113-53.gif --> ftp.ucaribe.edu.mx /Termoesp/images img113-53.gif
2014.08.29 19:36 B C:\vromero\Libros\Termodinamica\vromeroTermodinamicaRed\Termoesp\images\img113-54.gif --> ftp.ucaribe.edu.mx /Termoesp/images img113-54.gif
2014.08.29 19:36 B C:\vromero\Libros\Termodinamica\vromeroTermodinamicaRed\Termoesp\images\img113-55.gif --> ftp.ucaribe.edu.mx /Termoesp/images img113-55.gif
2014.08.29 19:36 B C:\vromero\Libros\Termodinamica\vromeroTermodinamicaRed\Termoesp\images\img113-6.gif --> ftp.ucaribe.edu.mx /Termoesp/images img113-6.gif
2014.08.29 19:36 B C:\vromero\Libros\Termodinamica\vromeroTermodinamicaRed\Termoesp\images\img113-7.gif --> ftp.ucaribe.edu.mx /Termoesp/images img113-7.gif
2014.08.29 19:36 B C:\vromero\Libros\Termodinamica\vromeroTermodinamicaRed\Termoesp\images\img113-8.gif --> ftp.ucaribe.edu.mx /Termoesp/images img113-8.gif
2014.08.29 19:36 B C:\vromero\Libros\Termodinamica\vromeroTermodinamicaRed\Termoesp\images\img113-9.gif --> ftp.ucaribe.edu.mx /Termoesp/images img113-9.gif
2014.08.29 19:36 B C:\vromero\Libros\Termodinamica\vromeroTermodinamicaRed\Termoesp\images\img115-10.gif --> ftp.ucaribe.edu.mx /Termoesp/images img115-10.gif
2014.08.29 19:36 B C:\vromero\Libros\Termodinamica\vromeroTermodinamicaRed\Termoesp\images\img115-11.gif --> ftp.ucaribe.edu.mx /Termoesp/images img115-11.gif
2014.08.29 19:36 B C:\vromero\Libros\Termodinamica\vromeroTermodinamicaRed\Termoesp\images\img115-12.gif --> ftp.ucaribe.edu.mx /Termoesp/images img115-12.gif
2014.08.29 19:36 B C:\vromero\Libros\Termodinamica\vromeroTermodinamicaRed\Termoesp\images\img115-13.gif --> ftp.ucaribe.edu.mx /Termoesp/images img115-13.gif
2014.08.29 19:36 B C:\vromero\Libros\Termodinamica\vromeroTermodinamicaRed\Termoesp\images\img115-14.gif --> ftp.ucaribe.edu.mx /Termoesp/images img115-14.gif
2014.08.29 19:36 B C:\vromero\Libros\Termodinamica\vromeroTermodinamicaRed\Termoesp\images\img115-15.gif --> ftp.ucaribe.edu.mx /Termoesp/images img115-15.gif
2014.08.29 19:36 B C:\vromero\Libros\Termodinamica\vromeroTermodinamicaRed\Termoesp\images\img115-16.gif --> ftp.ucaribe.edu.mx /Termoesp/images img115-16.gif
2014.08.29 19:36 B C:\vromero\Libros\Termodinamica\vromeroTermodinamicaRed\Termoesp\images\img115-17.gif --> ftp.ucaribe.edu.mx /Termoesp/images img115-17.gif
2014.08.29 19:36 B C:\vromero\Libros\Termodinamica\vromeroTermodinamicaRed\Termoesp\images\img115-18.gif --> ftp.ucaribe.edu.mx /Termoesp/images img115-18.gif
2014.08.29 19:36 B C:\vromero\Libros\Termodinamica\vromeroTermodinamicaRed\Termoesp\images\img115-19.gif --> ftp.ucaribe.edu.mx /Termoesp/images img115-19.gif
2014.08.29 19:36 B C:\vromero\Libros\Termodinamica\vromeroTermodinamicaRed\Termoesp\images\img115-20.gif --> ftp.ucaribe.edu.mx /Termoesp/images img115-20.gif
2014.08.29 19:36 B C:\vromero\Libros\Termodinamica\vromeroTermodinamicaRed\Termoesp\images\img115-21.gif --> ftp.ucaribe.edu.mx /Termoesp/images img115-21.gif
2014.08.29 19:36 B C:\vromero\Libros\Termodinamica\vromeroTermodinamicaRed\Termoesp\images\img115-22.gif --> ftp.ucaribe.edu.mx /Termoesp/images img115-22.gif
2014.08.29 19:36 B C:\vromero\Libros\Termodinamica\vromeroTermodinamicaRed\Termoesp\images\img115-23.gif --> ftp.ucaribe.edu.mx /Termoesp/images img115-23.gif
2014.08.29 19:36 B C:\vromero\Libros\Termodinamica\vromeroTermodinamicaRed\Termoesp\images\img115-24.gif --> ftp.ucaribe.edu.mx /Termoesp/images img115-24.gif
2014.08.29 19:36 B C:\vromero\Libros\Termodinamica\vromeroTermodinamicaRed\Termoesp\images\img115-25.gif --> ftp.ucaribe.edu.mx /Termoesp/images img115-25.gif
2014.08.29 19:36 B C:\vromero\Libros\Termodinamica\vromeroTermodinamicaRed\Termoesp\images\img115-26.gif --> ftp.ucaribe.edu.mx /Termoesp/images img115-26.gif
2014.08.29 19:36 B C:\vromero\Libros\Termodinamica\vromeroTermodinamicaRed\Termoesp\images\img115-27.gif --> ftp.ucaribe.edu.mx /Termoesp/images img115-27.gif
2014.08.29 19:36 B C:\vromero\Libros\Termodinamica\vromeroTermodinamicaRed\Termoesp\images\img115-28.gif --> ftp.ucaribe.edu.mx /Termoesp/images img115-28.gif
2014.08.29 19:36 B C:\vromero\Libros\Termodinamica\vromeroTermodinamicaRed\Termoesp\images\img115-29.gif --> ftp.ucaribe.edu.mx /Termoesp/images img115-29.gif
2014.08.29 19:36 B C:\vromero\Libros\Termodinamica\vromeroTermodinamicaRed\Termoesp\images\img115-3.gif --> ftp.ucaribe.edu.mx /Termoesp/images img115-3.gif
2014.08.29 19:36 B C:\vromero\Libros\Termodinamica\vromeroTermodinamicaRed\Termoesp\images\img115-30.gif --> ftp.ucaribe.edu.mx /Termoesp/images img115-30.gif
2014.08.29 19:36 B C:\vromero\Libros\Termodinamica\vromeroTermodinamicaRed\Termoesp\images\img115-31.gif --> ftp.ucaribe.edu.mx /Termoesp/images img115-31.gif
2014.08.29 19:36 B C:\vromero\Libros\Termodinamica\vromeroTermodinamicaRed\Termoesp\images\img115-32.gif --> ftp.ucaribe.edu.mx /Termoesp/images img115-32.gif
2014.08.29 19:36 B C:\vromero\Libros\Termodinamica\vromeroTermodinamicaRed\Termoesp\images\img115-33.gif --> ftp.ucaribe.edu.mx /Termoesp/images img115-33.gif
2014.08.29 19:36 B C:\vromero\Libros\Termodinamica\vromeroTermodinamicaRed\Termoesp\images\img115-34.gif --> ftp.ucaribe.edu.mx /Termoesp/images img115-34.gif
2014.08.29 19:36 B C:\vromero\Libros\Termodinamica\vromeroTermodinamicaRed\Termoesp\images\img115-35.gif --> ftp.ucaribe.edu.mx /Termoesp/images img115-35.gif
2014.08.29 19:36 B C:\vromero\Libros\Termodinamica\vromeroTermodinamicaRed\Termoesp\images\img115-36.gif --> ftp.ucaribe.edu.mx /Termoesp/images img115-36.gif
2014.08.29 19:36 B C:\vromero\Libros\Termodinamica\vromeroTermodinamicaRed\Termoesp\images\img115-37.gif --> ftp.ucaribe.edu.mx /Termoesp/images img115-37.gif
2014.08.29 19:36 B C:\vromero\Libros\Termodinamica\vromeroTermodinamicaRed\Termoesp\images\img115-38.gif --> ftp.ucaribe.edu.mx /Termoesp/images img115-38.gif
2014.08.29 19:36 B C:\vromero\Libros\Termodinamica\vromeroTermodinamicaRed\Termoesp\images\img115-39.gif --> ftp.ucaribe.edu.mx /Termoesp/images img115-39.gif
2014.08.29 19:36 B C:\vromero\Libros\Termodinamica\vromeroTermodinamicaRed\Termoesp\images\img115-4.gif --> ftp.ucaribe.edu.mx /Termoesp/images img115-4.gif
2014.08.29 19:36 B C:\vromero\Libros\Termodinamica\vromeroTermodinamicaRed\Termoesp\images\img115-40.gif --> ftp.ucaribe.edu.mx /Termoesp/images img115-40.gif
2014.08.29 19:36 B C:\vromero\Libros\Termodinamica\vromeroTermodinamicaRed\Termoesp\images\img115-41.gif --> ftp.ucaribe.edu.mx /Termoesp/images img115-41.gif
2014.08.29 19:36 B C:\vromero\Libros\Termodinamica\vromeroTermodinamicaRed\Termoesp\images\img115-42.gif --> ftp.ucaribe.edu.mx /Termoesp/images img115-42.gif
2014.08.29 19:36 B C:\vromero\Libros\Termodinamica\vromeroTermodinamicaRed\Termoesp\images\img115-43.gif --> ftp.ucaribe.edu.mx /Termoesp/images img115-43.gif
2014.08.29 19:36 B C:\vromero\Libros\Termodinamica\vromeroTermodinamicaRed\Termoesp\images\img115-44.gif --> ftp.ucaribe.edu.mx /Termoesp/images img115-44.gif
2014.08.29 19:36 B C:\vromero\Libros\Termodinamica\vromeroTermodinamicaRed\Termoesp\images\img115-45.gif --> ftp.ucaribe.edu.mx /Termoesp/images img115-45.gif
2014.08.29 19:36 B C:\vromero\Libros\Termodinamica\vromeroTermodinamicaRed\Termoesp\images\img115-46.gif --> ftp.ucaribe.edu.mx /Termoesp/images img115-46.gif
2014.08.29 19:36 B C:\vromero\Libros\Termodinamica\vromeroTermodinamicaRed\Termoesp\images\img115-47.gif --> ftp.ucaribe.edu.mx /Termoesp/images img115-47.gif
2014.08.29 19:36 B C:\vromero\Libros\Termodinamica\vromeroTermodinamicaRed\Termoesp\images\img115-5.gif --> ftp.ucaribe.edu.mx /Termoesp/images img115-5.gif
2014.08.29 19:36 B C:\vromero\Libros\Termodinamica\vromeroTermodinamicaRed\Termoesp\images\img115-6.gif --> ftp.ucaribe.edu.mx /Termoesp/images img115-6.gif
2014.08.29 19:36 B C:\vromero\Libros\Termodinamica\vromeroTermodinamicaRed\Termoesp\images\img115-7.gif --> ftp.ucaribe.edu.mx /Termoesp/images img115-7.gif
2014.08.29 19:36 B C:\vromero\Libros\Termodinamica\vromeroTermodinamicaRed\Termoesp\images\img115-8.gif --> ftp.ucaribe.edu.mx /Termoesp/images img115-8.gif
2014.08.29 19:36 B C:\vromero\Libros\Termodinamica\vromeroTermodinamicaRed\Termoesp\images\img115-9.gif --> ftp.ucaribe.edu.mx /Termoesp/images img115-9.gif
2014.08.29 19:36 B C:\vromero\Libros\Termodinamica\vromeroTermodinamicaRed\Termoesp\images\img116-10.gif --> ftp.ucaribe.edu.mx /Termoesp/images img116-10.gif
2014.08.29 19:36 B C:\vromero\Libros\Termodinamica\vromeroTermodinamicaRed\Termoesp\images\img116-11.gif --> ftp.ucaribe.edu.mx /Termoesp/images img116-11.gif
2014.08.29 19:36 B C:\vromero\Libros\Termodinamica\vromeroTermodinamicaRed\Termoesp\images\img116-12.gif --> ftp.ucaribe.edu.mx /Termoesp/images img116-12.gif
2014.08.29 19:36 B C:\vromero\Libros\Termodinamica\vromeroTermodinamicaRed\Termoesp\images\img116-13.gif --> ftp.ucaribe.edu.mx /Termoesp/images img116-13.gif
2014.08.29 19:36 B C:\vromero\Libros\Termodinamica\vromeroTermodinamicaRed\Termoesp\images\img116-14.gif --> ftp.ucaribe.edu.mx /Termoesp/images img116-14.gif
2014.08.29 19:36 B C:\vromero\Libros\Termodinamica\vromeroTermodinamicaRed\Termoesp\images\img116-15.gif --> ftp.ucaribe.edu.mx /Termoesp/images img116-15.gif
2014.08.29 19:36 B C:\vromero\Libros\Termodinamica\vromeroTermodinamicaRed\Termoesp\images\img116-16.gif --> ftp.ucaribe.edu.mx /Termoesp/images img116-16.gif
2014.08.29 19:36 B C:\vromero\Libros\Termodinamica\vromeroTermodinamicaRed\Termoesp\images\img116-17.gif --> ftp.ucaribe.edu.mx /Termoesp/images img116-17.gif
2014.08.29 19:36 B C:\vromero\Libros\Termodinamica\vromeroTermodinamicaRed\Termoesp\images\img116-18.gif --> ftp.ucaribe.edu.mx /Termoesp/images img116-18.gif
2014.08.29 19:36 B C:\vromero\Libros\Termodinamica\vromeroTermodinamicaRed\Termoesp\images\img116-19.gif --> ftp.ucaribe.edu.mx /Termoesp/images img116-19.gif
2014.08.29 19:36 B C:\vromero\Libros\Termodinamica\vromeroTermodinamicaRed\Termoesp\images\img116-20.gif --> ftp.ucaribe.edu.mx /Termoesp/images img116-20.gif
2014.08.29 19:36 B C:\vromero\Libros\Termodinamica\vromeroTermodinamicaRed\Termoesp\images\img116-21.gif --> ftp.ucaribe.edu.mx /Termoesp/images img116-21.gif
2014.08.29 19:36 B C:\vromero\Libros\Termodinamica\vromeroTermodinamicaRed\Termoesp\images\img116-22.gif --> ftp.ucaribe.edu.mx /Termoesp/images img116-22.gif
2014.08.29 19:36 B C:\vromero\Libros\Termodinamica\vromeroTermodinamicaRed\Termoesp\images\img116-23.gif --> ftp.ucaribe.edu.mx /Termoesp/images img116-23.gif
2014.08.29 19:36 B C:\vromero\Libros\Termodinamica\vromeroTermodinamicaRed\Termoesp\images\img116-24.gif --> ftp.ucaribe.edu.mx /Termoesp/images img116-24.gif
2014.08.29 19:36 B C:\vromero\Libros\Termodinamica\vromeroTermodinamicaRed\Termoesp\images\img116-25.gif --> ftp.ucaribe.edu.mx /Termoesp/images img116-25.gif
2014.08.29 19:36 B C:\vromero\Libros\Termodinamica\vromeroTermodinamicaRed\Termoesp\images\img116-26.gif --> ftp.ucaribe.edu.mx /Termoesp/images img116-26.gif
2014.08.29 19:36 B C:\vromero\Libros\Termodinamica\vromeroTermodinamicaRed\Termoesp\images\img116-27.gif --> ftp.ucaribe.edu.mx /Termoesp/images img116-27.gif
2014.08.29 19:36 B C:\vromero\Libros\Termodinamica\vromeroTermodinamicaRed\Termoesp\images\img116-3.gif --> ftp.ucaribe.edu.mx /Termoesp/images img116-3.gif
2014.08.29 19:36 B C:\vromero\Libros\Termodinamica\vromeroTermodinamicaRed\Termoesp\images\img116-4.gif --> ftp.ucaribe.edu.mx /Termoesp/images img116-4.gif
2014.08.29 19:36 B C:\vromero\Libros\Termodinamica\vromeroTermodinamicaRed\Termoesp\images\img116-5.gif --> ftp.ucaribe.edu.mx /Termoesp/images img116-5.gif
2014.08.29 19:36 B C:\vromero\Libros\Termodinamica\vromeroTermodinamicaRed\Termoesp\images\img116-6.gif --> ftp.ucaribe.edu.mx /Termoesp/images img116-6.gif
2014.08.29 19:36 B C:\vromero\Libros\Termodinamica\vromeroTermodinamicaRed\Termoesp\images\img116-7.gif --> ftp.ucaribe.edu.mx /Termoesp/images img116-7.gif
2014.08.29 19:36 B C:\vromero\Libros\Termodinamica\vromeroTermodinamicaRed\Termoesp\images\img116-8.gif --> ftp.ucaribe.edu.mx /Termoesp/images img116-8.gif
2014.08.29 19:36 B C:\vromero\Libros\Termodinamica\vromeroTermodinamicaRed\Termoesp\images\img116-9.gif --> ftp.ucaribe.edu.mx /Termoesp/images img116-9.gif
2014.08.29 19:36 B C:\vromero\Libros\Termodinamica\vromeroTermodinamicaRed\Termoesp\images\img117-10.gif --> ftp.ucaribe.edu.mx /Termoesp/images img117-10.gif
2014.08.29 19:36 B C:\vromero\Libros\Termodinamica\vromeroTermodinamicaRed\Termoesp\images\img117-11.gif --> ftp.ucaribe.edu.mx /Termoesp/images img117-11.gif
2014.08.29 19:36 B C:\vromero\Libros\Termodinamica\vromeroTermodinamicaRed\Termoesp\images\img117-12.gif --> ftp.ucaribe.edu.mx /Termoesp/images img117-12.gif
2014.08.29 19:36 B C:\vromero\Libros\Termodinamica\vromeroTermodinamicaRed\Termoesp\images\img117-13.gif --> ftp.ucaribe.edu.mx /Termoesp/images img117-13.gif
2014.08.29 19:36 B C:\vromero\Libros\Termodinamica\vromeroTermodinamicaRed\Termoesp\images\img117-14.gif --> ftp.ucaribe.edu.mx /Termoesp/images img117-14.gif
2014.08.29 19:36 B C:\vromero\Libros\Termodinamica\vromeroTermodinamicaRed\Termoesp\images\img117-15.gif --> ftp.ucaribe.edu.mx /Termoesp/images img117-15.gif
2014.08.29 19:36 B C:\vromero\Libros\Termodinamica\vromeroTermodinamicaRed\Termoesp\images\img117-16.gif --> ftp.ucaribe.edu.mx /Termoesp/images img117-16.gif
2014.08.29 19:36 B C:\vromero\Libros\Termodinamica\vromeroTermodinamicaRed\Termoesp\images\img117-17.gif --> ftp.ucaribe.edu.mx /Termoesp/images img117-17.gif
2014.08.29 19:36 B C:\vromero\Libros\Termodinamica\vromeroTermodinamicaRed\Termoesp\images\img117-18.gif --> ftp.ucaribe.edu.mx /Termoesp/images img117-18.gif
2014.08.29 19:36 B C:\vromero\Libros\Termodinamica\vromeroTermodinamicaRed\Termoesp\images\img117-19.gif --> ftp.ucaribe.edu.mx /Termoesp/images img117-19.gif
2014.08.29 19:36 B C:\vromero\Libros\Termodinamica\vromeroTermodinamicaRed\Termoesp\images\img117-20.gif --> ftp.ucaribe.edu.mx /Termoesp/images img117-20.gif
2014.08.29 19:36 B C:\vromero\Libros\Termodinamica\vromeroTermodinamicaRed\Termoesp\images\img117-21.gif --> ftp.ucaribe.edu.mx /Termoesp/images img117-21.gif
2014.08.29 19:36 B C:\vromero\Libros\Termodinamica\vromeroTermodinamicaRed\Termoesp\images\img117-22.gif --> ftp.ucaribe.edu.mx /Termoesp/images img117-22.gif
2014.08.29 19:36 B C:\vromero\Libros\Termodinamica\vromeroTermodinamicaRed\Termoesp\images\img117-23.gif --> ftp.ucaribe.edu.mx /Termoesp/images img117-23.gif
2014.08.29 19:36 B C:\vromero\Libros\Termodinamica\vromeroTermodinamicaRed\Termoesp\images\img117-24.gif --> ftp.ucaribe.edu.mx /Termoesp/images img117-24.gif
2014.08.29 19:36 B C:\vromero\Libros\Termodinamica\vromeroTermodinamicaRed\Termoesp\images\img117-25.gif --> ftp.ucaribe.edu.mx /Termoesp/images img117-25.gif
2014.08.29 19:36 B C:\vromero\Libros\Termodinamica\vromeroTermodinamicaRed\Termoesp\images\img117-26.gif --> ftp.ucaribe.edu.mx /Termoesp/images img117-26.gif
2014.08.29 19:36 B C:\vromero\Libros\Termodinamica\vromeroTermodinamicaRed\Termoesp\images\img117-27.gif --> ftp.ucaribe.edu.mx /Termoesp/images img117-27.gif
2014.08.29 19:36 B C:\vromero\Libros\Termodinamica\vromeroTermodinamicaRed\Termoesp\images\img117-28.gif --> ftp.ucaribe.edu.mx /Termoesp/images img117-28.gif
2014.08.29 19:36 B C:\vromero\Libros\Termodinamica\vromeroTermodinamicaRed\Termoesp\images\img117-29.gif --> ftp.ucaribe.edu.mx /Termoesp/images img117-29.gif
2014.08.29 19:36 B C:\vromero\Libros\Termodinamica\vromeroTermodinamicaRed\Termoesp\images\img117-3.gif --> ftp.ucaribe.edu.mx /Termoesp/images img117-3.gif
2014.08.29 19:36 B C:\vromero\Libros\Termodinamica\vromeroTermodinamicaRed\Termoesp\images\img117-30.gif --> ftp.ucaribe.edu.mx /Termoesp/images img117-30.gif
2014.08.29 19:36 B C:\vromero\Libros\Termodinamica\vromeroTermodinamicaRed\Termoesp\images\img117-31.gif --> ftp.ucaribe.edu.mx /Termoesp/images img117-31.gif
2014.08.29 19:36 B C:\vromero\Libros\Termodinamica\vromeroTermodinamicaRed\Termoesp\images\img117-32.gif --> ftp.ucaribe.edu.mx /Termoesp/images img117-32.gif
2014.08.29 19:36 B C:\vromero\Libros\Termodinamica\vromeroTermodinamicaRed\Termoesp\images\img117-33.gif --> ftp.ucaribe.edu.mx /Termoesp/images img117-33.gif
2014.08.29 19:36 B C:\vromero\Libros\Termodinamica\vromeroTermodinamicaRed\Termoesp\images\img117-34.gif --> ftp.ucaribe.edu.mx /Termoesp/images img117-34.gif
2014.08.29 19:36 B C:\vromero\Libros\Termodinamica\vromeroTermodinamicaRed\Termoesp\images\img117-36.gif --> ftp.ucaribe.edu.mx /Termoesp/images img117-36.gif
2014.08.29 19:36 B C:\vromero\Libros\Termodinamica\vromeroTermodinamicaRed\Termoesp\images\img117-37.gif --> ftp.ucaribe.edu.mx /Termoesp/images img117-37.gif
2014.08.29 19:36 B C:\vromero\Libros\Termodinamica\vromeroTermodinamicaRed\Termoesp\images\img117-38.gif --> ftp.ucaribe.edu.mx /Termoesp/images img117-38.gif
2014.08.29 19:36 B C:\vromero\Libros\Termodinamica\vromeroTermodinamicaRed\Termoesp\images\img117-4.gif --> ftp.ucaribe.edu.mx /Termoesp/images img117-4.gif
2014.08.29 19:36 B C:\vromero\Libros\Termodinamica\vromeroTermodinamicaRed\Termoesp\images\img117-5.gif --> ftp.ucaribe.edu.mx /Termoesp/images img117-5.gif
2014.08.29 19:36 B C:\vromero\Libros\Termodinamica\vromeroTermodinamicaRed\Termoesp\images\img117-6.gif --> ftp.ucaribe.edu.mx /Termoesp/images img117-6.gif
2014.08.29 19:36 B C:\vromero\Libros\Termodinamica\vromeroTermodinamicaRed\Termoesp\images\img117-7.gif --> ftp.ucaribe.edu.mx /Termoesp/images img117-7.gif
2014.08.29 19:36 B C:\vromero\Libros\Termodinamica\vromeroTermodinamicaRed\Termoesp\images\img117-8.gif --> ftp.ucaribe.edu.mx /Termoesp/images img117-8.gif
2014.08.29 19:36 B C:\vromero\Libros\Termodinamica\vromeroTermodinamicaRed\Termoesp\images\img117-9.gif --> ftp.ucaribe.edu.mx /Termoesp/images img117-9.gif
2014.08.29 19:36 B C:\vromero\Libros\Termodinamica\vromeroTermodinamicaRed\Termoesp\images\img118-10.gif --> ftp.ucaribe.edu.mx /Termoesp/images img118-10.gif
2014.08.29 19:36 B C:\vromero\Libros\Termodinamica\vromeroTermodinamicaRed\Termoesp\images\img118-11.gif --> ftp.ucaribe.edu.mx /Termoesp/images img118-11.gif
2014.08.29 19:36 B C:\vromero\Libros\Termodinamica\vromeroTermodinamicaRed\Termoesp\images\img118-12.gif --> ftp.ucaribe.edu.mx /Termoesp/images img118-12.gif
2014.08.29 19:36 B C:\vromero\Libros\Termodinamica\vromeroTermodinamicaRed\Termoesp\images\img118-3.gif --> ftp.ucaribe.edu.mx /Termoesp/images img118-3.gif
2014.08.29 19:36 B C:\vromero\Libros\Termodinamica\vromeroTermodinamicaRed\Termoesp\images\img118-4.gif --> ftp.ucaribe.edu.mx /Termoesp/images img118-4.gif
2014.08.29 19:36 B C:\vromero\Libros\Termodinamica\vromeroTermodinamicaRed\Termoesp\images\img118-5.gif --> ftp.ucaribe.edu.mx /Termoesp/images img118-5.gif
2014.08.29 19:36 B C:\vromero\Libros\Termodinamica\vromeroTermodinamicaRed\Termoesp\images\img118-6.gif --> ftp.ucaribe.edu.mx /Termoesp/images img118-6.gif
2014.08.29 19:36 B C:\vromero\Libros\Termodinamica\vromeroTermodinamicaRed\Termoesp\images\img118-7.gif --> ftp.ucaribe.edu.mx /Termoesp/images img118-7.gif
2014.08.29 19:36 B C:\vromero\Libros\Termodinamica\vromeroTermodinamicaRed\Termoesp\images\img118-8.gif --> ftp.ucaribe.edu.mx /Termoesp/images img118-8.gif
2014.08.29 19:36 B C:\vromero\Libros\Termodinamica\vromeroTermodinamicaRed\Termoesp\images\img118-9.gif --> ftp.ucaribe.edu.mx /Termoesp/images img118-9.gif
2014.08.29 19:36 B C:\vromero\Libros\Termodinamica\vromeroTermodinamicaRed\Termoesp\images\img119-3.gif --> ftp.ucaribe.edu.mx /Termoesp/images img119-3.gif
2014.08.29 19:36 B C:\vromero\Libros\Termodinamica\vromeroTermodinamicaRed\Termoesp\images\img120-3.gif --> ftp.ucaribe.edu.mx /Termoesp/images img120-3.gif
2014.08.29 19:36 B C:\vromero\Libros\Termodinamica\vromeroTermodinamicaRed\Termoesp\images\img120-4.gif --> ftp.ucaribe.edu.mx /Termoesp/images img120-4.gif
2014.08.29 19:36 B C:\vromero\Libros\Termodinamica\vromeroTermodinamicaRed\Termoesp\images\img120-5.gif --> ftp.ucaribe.edu.mx /Termoesp/images img120-5.gif
2014.08.29 19:36 B C:\vromero\Libros\Termodinamica\vromeroTermodinamicaRed\Termoesp\images\img139-10.gif --> ftp.ucaribe.edu.mx /Termoesp/images img139-10.gif
2014.08.29 19:36 B C:\vromero\Libros\Termodinamica\vromeroTermodinamicaRed\Termoesp\images\img139-11.gif --> ftp.ucaribe.edu.mx /Termoesp/images img139-11.gif
2014.08.29 19:36 B C:\vromero\Libros\Termodinamica\vromeroTermodinamicaRed\Termoesp\images\img139-12.gif --> ftp.ucaribe.edu.mx /Termoesp/images img139-12.gif
2014.08.29 19:36 B C:\vromero\Libros\Termodinamica\vromeroTermodinamicaRed\Termoesp\images\img139-13.gif --> ftp.ucaribe.edu.mx /Termoesp/images img139-13.gif
2014.08.29 19:36 B C:\vromero\Libros\Termodinamica\vromeroTermodinamicaRed\Termoesp\images\img139-3.gif --> ftp.ucaribe.edu.mx /Termoesp/images img139-3.gif
2014.08.29 19:36 B C:\vromero\Libros\Termodinamica\vromeroTermodinamicaRed\Termoesp\images\img139-4.gif --> ftp.ucaribe.edu.mx /Termoesp/images img139-4.gif
2014.08.29 19:36 B C:\vromero\Libros\Termodinamica\vromeroTermodinamicaRed\Termoesp\images\img139-5.gif --> ftp.ucaribe.edu.mx /Termoesp/images img139-5.gif
2014.08.29 19:36 B C:\vromero\Libros\Termodinamica\vromeroTermodinamicaRed\Termoesp\images\img139-6.gif --> ftp.ucaribe.edu.mx /Termoesp/images img139-6.gif
2014.08.29 19:36 B C:\vromero\Libros\Termodinamica\vromeroTermodinamicaRed\Termoesp\images\img139-7.gif --> ftp.ucaribe.edu.mx /Termoesp/images img139-7.gif
2014.08.29 19:36 B C:\vromero\Libros\Termodinamica\vromeroTermodinamicaRed\Termoesp\images\img139-8.gif --> ftp.ucaribe.edu.mx /Termoesp/images img139-8.gif
2014.08.29 19:36 B C:\vromero\Libros\Termodinamica\vromeroTermodinamicaRed\Termoesp\images\img139-9.gif --> ftp.ucaribe.edu.mx /Termoesp/images img139-9.gif
2014.08.29 19:36 B C:\vromero\Libros\Termodinamica\vromeroTermodinamicaRed\Termoesp\images\img140-10.gif --> ftp.ucaribe.edu.mx /Termoesp/images img140-10.gif
2014.08.29 19:36 B C:\vromero\Libros\Termodinamica\vromeroTermodinamicaRed\Termoesp\images\img140-11.gif --> ftp.ucaribe.edu.mx /Termoesp/images img140-11.gif
2014.08.29 19:36 B C:\vromero\Libros\Termodinamica\vromeroTermodinamicaRed\Termoesp\images\img140-12.gif --> ftp.ucaribe.edu.mx /Termoesp/images img140-12.gif
2014.08.29 19:36 B C:\vromero\Libros\Termodinamica\vromeroTermodinamicaRed\Termoesp\images\img140-13.gif --> ftp.ucaribe.edu.mx /Termoesp/images img140-13.gif
2014.08.29 19:36 B C:\vromero\Libros\Termodinamica\vromeroTermodinamicaRed\Termoesp\images\img140-14.gif --> ftp.ucaribe.edu.mx /Termoesp/images img140-14.gif
2014.08.29 19:36 B C:\vromero\Libros\Termodinamica\vromeroTermodinamicaRed\Termoesp\images\img140-15.gif --> ftp.ucaribe.edu.mx /Termoesp/images img140-15.gif
2014.08.29 19:36 B C:\vromero\Libros\Termodinamica\vromeroTermodinamicaRed\Termoesp\images\img140-3.gif --> ftp.ucaribe.edu.mx /Termoesp/images img140-3.gif
2014.08.29 19:36 B C:\vromero\Libros\Termodinamica\vromeroTermodinamicaRed\Termoesp\images\img140-4.gif --> ftp.ucaribe.edu.mx /Termoesp/images img140-4.gif
2014.08.29 19:36 B C:\vromero\Libros\Termodinamica\vromeroTermodinamicaRed\Termoesp\images\img140-5.gif --> ftp.ucaribe.edu.mx /Termoesp/images img140-5.gif
2014.08.29 19:36 B C:\vromero\Libros\Termodinamica\vromeroTermodinamicaRed\Termoesp\images\img140-6.gif --> ftp.ucaribe.edu.mx /Termoesp/images img140-6.gif
2014.08.29 19:36 B C:\vromero\Libros\Termodinamica\vromeroTermodinamicaRed\Termoesp\images\img140-7.gif --> ftp.ucaribe.edu.mx /Termoesp/images img140-7.gif
2014.08.29 19:36 B C:\vromero\Libros\Termodinamica\vromeroTermodinamicaRed\Termoesp\images\img140-8.gif --> ftp.ucaribe.edu.mx /Termoesp/images img140-8.gif
2014.08.29 19:36 B C:\vromero\Libros\Termodinamica\vromeroTermodinamicaRed\Termoesp\images\img140-9.gif --> ftp.ucaribe.edu.mx /Termoesp/images img140-9.gif
2014.08.29 19:36 B C:\vromero\Libros\Termodinamica\vromeroTermodinamicaRed\Termoesp\images\img141-10.gif --> ftp.ucaribe.edu.mx /Termoesp/images img141-10.gif
2014.08.29 19:36 B C:\vromero\Libros\Termodinamica\vromeroTermodinamicaRed\Termoesp\images\img141-11.gif --> ftp.ucaribe.edu.mx /Termoesp/images img141-11.gif
2014.08.29 19:36 B C:\vromero\Libros\Termodinamica\vromeroTermodinamicaRed\Termoesp\images\img141-12.gif --> ftp.ucaribe.edu.mx /Termoesp/images img141-12.gif
2014.08.29 19:36 B C:\vromero\Libros\Termodinamica\vromeroTermodinamicaRed\Termoesp\images\img141-13.gif --> ftp.ucaribe.edu.mx /Termoesp/images img141-13.gif
2014.08.29 19:36 B C:\vromero\Libros\Termodinamica\vromeroTermodinamicaRed\Termoesp\images\img141-14.gif --> ftp.ucaribe.edu.mx /Termoesp/images img141-14.gif
2014.08.29 19:36 B C:\vromero\Libros\Termodinamica\vromeroTermodinamicaRed\Termoesp\images\img141-25.gif --> ftp.ucaribe.edu.mx /Termoesp/images img141-25.gif
2014.08.29 19:36 B C:\vromero\Libros\Termodinamica\vromeroTermodinamicaRed\Termoesp\images\img141-26.gif --> ftp.ucaribe.edu.mx /Termoesp/images img141-26.gif
2014.08.29 19:36 B C:\vromero\Libros\Termodinamica\vromeroTermodinamicaRed\Termoesp\images\img141-27.gif --> ftp.ucaribe.edu.mx /Termoesp/images img141-27.gif
2014.08.29 19:36 B C:\vromero\Libros\Termodinamica\vromeroTermodinamicaRed\Termoesp\images\img141-28.gif --> ftp.ucaribe.edu.mx /Termoesp/images img141-28.gif
2014.08.29 19:36 B C:\vromero\Libros\Termodinamica\vromeroTermodinamicaRed\Termoesp\images\img141-29.gif --> ftp.ucaribe.edu.mx /Termoesp/images img141-29.gif
2014.08.29 19:36 B C:\vromero\Libros\Termodinamica\vromeroTermodinamicaRed\Termoesp\images\img141-3.gif --> ftp.ucaribe.edu.mx /Termoesp/images img141-3.gif
2014.08.29 19:36 B C:\vromero\Libros\Termodinamica\vromeroTermodinamicaRed\Termoesp\images\img141-30.gif --> ftp.ucaribe.edu.mx /Termoesp/images img141-30.gif
2014.08.29 19:36 B C:\vromero\Libros\Termodinamica\vromeroTermodinamicaRed\Termoesp\images\img141-31.gif --> ftp.ucaribe.edu.mx /Termoesp/images img141-31.gif
2014.08.29 19:36 B C:\vromero\Libros\Termodinamica\vromeroTermodinamicaRed\Termoesp\images\img141-32.gif --> ftp.ucaribe.edu.mx /Termoesp/images img141-32.gif
2014.08.29 19:36 B C:\vromero\Libros\Termodinamica\vromeroTermodinamicaRed\Termoesp\images\img141-33.gif --> ftp.ucaribe.edu.mx /Termoesp/images img141-33.gif
2014.08.29 19:36 B C:\vromero\Libros\Termodinamica\vromeroTermodinamicaRed\Termoesp\images\img141-34.gif --> ftp.ucaribe.edu.mx /Termoesp/images img141-34.gif
2014.08.29 19:36 B C:\vromero\Libros\Termodinamica\vromeroTermodinamicaRed\Termoesp\images\img141-35.gif --> ftp.ucaribe.edu.mx /Termoesp/images img141-35.gif
2014.08.29 19:36 B C:\vromero\Libros\Termodinamica\vromeroTermodinamicaRed\Termoesp\images\img141-36.gif --> ftp.ucaribe.edu.mx /Termoesp/images img141-36.gif
2014.08.29 19:36 B C:\vromero\Libros\Termodinamica\vromeroTermodinamicaRed\Termoesp\images\img141-37.gif --> ftp.ucaribe.edu.mx /Termoesp/images img141-37.gif
2014.08.29 19:36 B C:\vromero\Libros\Termodinamica\vromeroTermodinamicaRed\Termoesp\images\img141-38.gif --> ftp.ucaribe.edu.mx /Termoesp/images img141-38.gif
2014.08.29 19:36 B C:\vromero\Libros\Termodinamica\vromeroTermodinamicaRed\Termoesp\images\img141-39.gif --> ftp.ucaribe.edu.mx /Termoesp/images img141-39.gif
2014.08.29 19:36 B C:\vromero\Libros\Termodinamica\vromeroTermodinamicaRed\Termoesp\images\img141-4.gif --> ftp.ucaribe.edu.mx /Termoesp/images img141-4.gif
2014.08.29 19:36 B C:\vromero\Libros\Termodinamica\vromeroTermodinamicaRed\Termoesp\images\img141-40.gif --> ftp.ucaribe.edu.mx /Termoesp/images img141-40.gif
2014.08.29 19:36 B C:\vromero\Libros\Termodinamica\vromeroTermodinamicaRed\Termoesp\images\img141-41.gif --> ftp.ucaribe.edu.mx /Termoesp/images img141-41.gif
2014.08.29 19:36 B C:\vromero\Libros\Termodinamica\vromeroTermodinamicaRed\Termoesp\images\img141-42.gif --> ftp.ucaribe.edu.mx /Termoesp/images img141-42.gif
2014.08.29 19:36 B C:\vromero\Libros\Termodinamica\vromeroTermodinamicaRed\Termoesp\images\img141-43.gif --> ftp.ucaribe.edu.mx /Termoesp/images img141-43.gif
2014.08.29 19:36 B C:\vromero\Libros\Termodinamica\vromeroTermodinamicaRed\Termoesp\images\img141-44.gif --> ftp.ucaribe.edu.mx /Termoesp/images img141-44.gif
2014.08.29 19:36 B C:\vromero\Libros\Termodinamica\vromeroTermodinamicaRed\Termoesp\images\img141-5.gif --> ftp.ucaribe.edu.mx /Termoesp/images img141-5.gif
2014.08.29 19:36 B C:\vromero\Libros\Termodinamica\vromeroTermodinamicaRed\Termoesp\images\img141-6.gif --> ftp.ucaribe.edu.mx /Termoesp/images img141-6.gif
2014.08.29 19:36 B C:\vromero\Libros\Termodinamica\vromeroTermodinamicaRed\Termoesp\images\img141-7.gif --> ftp.ucaribe.edu.mx /Termoesp/images img141-7.gif
2014.08.29 19:36 B C:\vromero\Libros\Termodinamica\vromeroTermodinamicaRed\Termoesp\images\img141-8.gif --> ftp.ucaribe.edu.mx /Termoesp/images img141-8.gif
2014.08.29 19:36 B C:\vromero\Libros\Termodinamica\vromeroTermodinamicaRed\Termoesp\images\img141-9.gif --> ftp.ucaribe.edu.mx /Termoesp/images img141-9.gif
2014.08.29 19:36 B C:\vromero\Libros\Termodinamica\vromeroTermodinamicaRed\Termoesp\images\img142-10.gif --> ftp.ucaribe.edu.mx /Termoesp/images img142-10.gif
2014.08.29 19:36 B C:\vromero\Libros\Termodinamica\vromeroTermodinamicaRed\Termoesp\images\img142-11.gif --> ftp.ucaribe.edu.mx /Termoesp/images img142-11.gif
2014.08.29 19:36 B C:\vromero\Libros\Termodinamica\vromeroTermodinamicaRed\Termoesp\images\img142-12.gif --> ftp.ucaribe.edu.mx /Termoesp/images img142-12.gif
2014.08.29 19:36 B C:\vromero\Libros\Termodinamica\vromeroTermodinamicaRed\Termoesp\images\img142-13.gif --> ftp.ucaribe.edu.mx /Termoesp/images img142-13.gif
2014.08.29 19:36 B C:\vromero\Libros\Termodinamica\vromeroTermodinamicaRed\Termoesp\images\img142-14.gif --> ftp.ucaribe.edu.mx /Termoesp/images img142-14.gif
2014.08.29 19:36 B C:\vromero\Libros\Termodinamica\vromeroTermodinamicaRed\Termoesp\images\img142-15.gif --> ftp.ucaribe.edu.mx /Termoesp/images img142-15.gif
2014.08.29 19:36 B C:\vromero\Libros\Termodinamica\vromeroTermodinamicaRed\Termoesp\images\img142-16.gif --> ftp.ucaribe.edu.mx /Termoesp/images img142-16.gif
2014.08.29 19:36 B C:\vromero\Libros\Termodinamica\vromeroTermodinamicaRed\Termoesp\images\img142-17.gif --> ftp.ucaribe.edu.mx /Termoesp/images img142-17.gif
2014.08.29 19:36 B C:\vromero\Libros\Termodinamica\vromeroTermodinamicaRed\Termoesp\images\img142-18.gif --> ftp.ucaribe.edu.mx /Termoesp/images img142-18.gif
2014.08.29 19:36 B C:\vromero\Libros\Termodinamica\vromeroTermodinamicaRed\Termoesp\images\img142-19.gif --> ftp.ucaribe.edu.mx /Termoesp/images img142-19.gif
2014.08.29 19:36 B C:\vromero\Libros\Termodinamica\vromeroTermodinamicaRed\Termoesp\images\img142-20.gif --> ftp.ucaribe.edu.mx /Termoesp/images img142-20.gif
2014.08.29 19:36 B C:\vromero\Libros\Termodinamica\vromeroTermodinamicaRed\Termoesp\images\img142-21.gif --> ftp.ucaribe.edu.mx /Termoesp/images img142-21.gif
2014.08.29 19:36 B C:\vromero\Libros\Termodinamica\vromeroTermodinamicaRed\Termoesp\images\img142-22.gif --> ftp.ucaribe.edu.mx /Termoesp/images img142-22.gif
2014.08.29 19:36 B C:\vromero\Libros\Termodinamica\vromeroTermodinamicaRed\Termoesp\images\img142-23.gif --> ftp.ucaribe.edu.mx /Termoesp/images img142-23.gif
2014.08.29 19:36 B C:\vromero\Libros\Termodinamica\vromeroTermodinamicaRed\Termoesp\images\img142-24.gif --> ftp.ucaribe.edu.mx /Termoesp/images img142-24.gif
2014.08.29 19:36 B C:\vromero\Libros\Termodinamica\vromeroTermodinamicaRed\Termoesp\images\img142-25.gif --> ftp.ucaribe.edu.mx /Termoesp/images img142-25.gif
2014.08.29 19:36 B C:\vromero\Libros\Termodinamica\vromeroTermodinamicaRed\Termoesp\images\img142-26.gif --> ftp.ucaribe.edu.mx /Termoesp/images img142-26.gif
2014.08.29 19:36 B C:\vromero\Libros\Termodinamica\vromeroTermodinamicaRed\Termoesp\images\img142-27.gif --> ftp.ucaribe.edu.mx /Termoesp/images img142-27.gif
2014.08.29 19:36 B C:\vromero\Libros\Termodinamica\vromeroTermodinamicaRed\Termoesp\images\img142-28.gif --> ftp.ucaribe.edu.mx /Termoesp/images img142-28.gif
2014.08.29 19:36 B C:\vromero\Libros\Termodinamica\vromeroTermodinamicaRed\Termoesp\images\img142-29.gif --> ftp.ucaribe.edu.mx /Termoesp/images img142-29.gif
2014.08.29 19:36 B C:\vromero\Libros\Termodinamica\vromeroTermodinamicaRed\Termoesp\images\img142-3.gif --> ftp.ucaribe.edu.mx /Termoesp/images img142-3.gif
2014.08.29 19:36 B C:\vromero\Libros\Termodinamica\vromeroTermodinamicaRed\Termoesp\images\img142-30.gif --> ftp.ucaribe.edu.mx /Termoesp/images img142-30.gif
2014.08.29 19:36 B C:\vromero\Libros\Termodinamica\vromeroTermodinamicaRed\Termoesp\images\img142-31.gif --> ftp.ucaribe.edu.mx /Termoesp/images img142-31.gif
2014.08.29 19:36 B C:\vromero\Libros\Termodinamica\vromeroTermodinamicaRed\Termoesp\images\img142-4.gif --> ftp.ucaribe.edu.mx /Termoesp/images img142-4.gif
2014.08.29 19:36 B C:\vromero\Libros\Termodinamica\vromeroTermodinamicaRed\Termoesp\images\img142-5.gif --> ftp.ucaribe.edu.mx /Termoesp/images img142-5.gif
2014.08.29 19:36 B C:\vromero\Libros\Termodinamica\vromeroTermodinamicaRed\Termoesp\images\img142-6.gif --> ftp.ucaribe.edu.mx /Termoesp/images img142-6.gif
2014.08.29 19:36 B C:\vromero\Libros\Termodinamica\vromeroTermodinamicaRed\Termoesp\images\img142-7.gif --> ftp.ucaribe.edu.mx /Termoesp/images img142-7.gif
2014.08.29 19:36 B C:\vromero\Libros\Termodinamica\vromeroTermodinamicaRed\Termoesp\images\img142-8.gif --> ftp.ucaribe.edu.mx /Termoesp/images img142-8.gif
2014.08.29 19:36 B C:\vromero\Libros\Termodinamica\vromeroTermodinamicaRed\Termoesp\images\img142-9.gif --> ftp.ucaribe.edu.mx /Termoesp/images img142-9.gif
2014.08.29 19:36 B C:\vromero\Libros\Termodinamica\vromeroTermodinamicaRed\Termoesp\images\img143-10.gif --> ftp.ucaribe.edu.mx /Termoesp/images img143-10.gif
2014.08.29 19:36 B C:\vromero\Libros\Termodinamica\vromeroTermodinamicaRed\Termoesp\images\img143-11.gif --> ftp.ucaribe.edu.mx /Termoesp/images img143-11.gif
2014.08.29 19:36 B C:\vromero\Libros\Termodinamica\vromeroTermodinamicaRed\Termoesp\images\img143-12.gif --> ftp.ucaribe.edu.mx /Termoesp/images img143-12.gif
2014.08.29 19:36 B C:\vromero\Libros\Termodinamica\vromeroTermodinamicaRed\Termoesp\images\img143-13.gif --> ftp.ucaribe.edu.mx /Termoesp/images img143-13.gif
2014.08.29 19:36 B C:\vromero\Libros\Termodinamica\vromeroTermodinamicaRed\Termoesp\images\img143-14.gif --> ftp.ucaribe.edu.mx /Termoesp/images img143-14.gif
2014.08.29 19:36 B C:\vromero\Libros\Termodinamica\vromeroTermodinamicaRed\Termoesp\images\img143-15.gif --> ftp.ucaribe.edu.mx /Termoesp/images img143-15.gif
2014.08.29 19:36 B C:\vromero\Libros\Termodinamica\vromeroTermodinamicaRed\Termoesp\images\img143-16.gif --> ftp.ucaribe.edu.mx /Termoesp/images img143-16.gif
2014.08.29 19:36 B C:\vromero\Libros\Termodinamica\vromeroTermodinamicaRed\Termoesp\images\img143-17.gif --> ftp.ucaribe.edu.mx /Termoesp/images img143-17.gif
2014.08.29 19:36 B C:\vromero\Libros\Termodinamica\vromeroTermodinamicaRed\Termoesp\images\img143-18.gif --> ftp.ucaribe.edu.mx /Termoesp/images img143-18.gif
2014.08.29 19:36 B C:\vromero\Libros\Termodinamica\vromeroTermodinamicaRed\Termoesp\images\img143-19.gif --> ftp.ucaribe.edu.mx /Termoesp/images img143-19.gif
2014.08.29 19:36 B C:\vromero\Libros\Termodinamica\vromeroTermodinamicaRed\Termoesp\images\img143-20.gif --> ftp.ucaribe.edu.mx /Termoesp/images img143-20.gif
2014.08.29 19:36 B C:\vromero\Libros\Termodinamica\vromeroTermodinamicaRed\Termoesp\images\img143-21.gif --> ftp.ucaribe.edu.mx /Termoesp/images img143-21.gif
2014.08.29 19:36 B C:\vromero\Libros\Termodinamica\vromeroTermodinamicaRed\Termoesp\images\img143-22.gif --> ftp.ucaribe.edu.mx /Termoesp/images img143-22.gif
2014.08.29 19:36 B C:\vromero\Libros\Termodinamica\vromeroTermodinamicaRed\Termoesp\images\img143-23.gif --> ftp.ucaribe.edu.mx /Termoesp/images img143-23.gif
2014.08.29 19:36 B C:\vromero\Libros\Termodinamica\vromeroTermodinamicaRed\Termoesp\images\img143-24.gif --> ftp.ucaribe.edu.mx /Termoesp/images img143-24.gif
2014.08.29 19:36 B C:\vromero\Libros\Termodinamica\vromeroTermodinamicaRed\Termoesp\images\img143-25.gif --> ftp.ucaribe.edu.mx /Termoesp/images img143-25.gif
2014.08.29 19:36 B C:\vromero\Libros\Termodinamica\vromeroTermodinamicaRed\Termoesp\images\img143-26.gif --> ftp.ucaribe.edu.mx /Termoesp/images img143-26.gif
2014.08.29 19:36 B C:\vromero\Libros\Termodinamica\vromeroTermodinamicaRed\Termoesp\images\img143-27.gif --> ftp.ucaribe.edu.mx /Termoesp/images img143-27.gif
2014.08.29 19:36 B C:\vromero\Libros\Termodinamica\vromeroTermodinamicaRed\Termoesp\images\img143-28.gif --> ftp.ucaribe.edu.mx /Termoesp/images img143-28.gif
2014.08.29 19:36 B C:\vromero\Libros\Termodinamica\vromeroTermodinamicaRed\Termoesp\images\img143-29.gif --> ftp.ucaribe.edu.mx /Termoesp/images img143-29.gif
2014.08.29 19:36 B C:\vromero\Libros\Termodinamica\vromeroTermodinamicaRed\Termoesp\images\img143-3.gif --> ftp.ucaribe.edu.mx /Termoesp/images img143-3.gif
2014.08.29 19:36 B C:\vromero\Libros\Termodinamica\vromeroTermodinamicaRed\Termoesp\images\img143-30.gif --> ftp.ucaribe.edu.mx /Termoesp/images img143-30.gif
2014.08.29 19:36 B C:\vromero\Libros\Termodinamica\vromeroTermodinamicaRed\Termoesp\images\img143-31.gif --> ftp.ucaribe.edu.mx /Termoesp/images img143-31.gif
2014.08.29 19:36 B C:\vromero\Libros\Termodinamica\vromeroTermodinamicaRed\Termoesp\images\img143-32.gif --> ftp.ucaribe.edu.mx /Termoesp/images img143-32.gif
2014.08.29 19:36 B C:\vromero\Libros\Termodinamica\vromeroTermodinamicaRed\Termoesp\images\img143-4.gif --> ftp.ucaribe.edu.mx /Termoesp/images img143-4.gif
2014.08.29 19:36 B C:\vromero\Libros\Termodinamica\vromeroTermodinamicaRed\Termoesp\images\img143-5.gif --> ftp.ucaribe.edu.mx /Termoesp/images img143-5.gif
2014.08.29 19:36 B C:\vromero\Libros\Termodinamica\vromeroTermodinamicaRed\Termoesp\images\img143-6.gif --> ftp.ucaribe.edu.mx /Termoesp/images img143-6.gif
2014.08.29 19:36 B C:\vromero\Libros\Termodinamica\vromeroTermodinamicaRed\Termoesp\images\img143-7.gif --> ftp.ucaribe.edu.mx /Termoesp/images img143-7.gif
2014.08.29 19:36 B C:\vromero\Libros\Termodinamica\vromeroTermodinamicaRed\Termoesp\images\img143-8.gif --> ftp.ucaribe.edu.mx /Termoesp/images img143-8.gif
2014.08.29 19:36 B C:\vromero\Libros\Termodinamica\vromeroTermodinamicaRed\Termoesp\images\img143-9.gif --> ftp.ucaribe.edu.mx /Termoesp/images img143-9.gif
2014.08.29 19:36 B C:\vromero\Libros\Termodinamica\vromeroTermodinamicaRed\Termoesp\images\img144-10.gif --> ftp.ucaribe.edu.mx /Termoesp/images img144-10.gif
2014.08.29 19:36 B C:\vromero\Libros\Termodinamica\vromeroTermodinamicaRed\Termoesp\images\img144-11.gif --> ftp.ucaribe.edu.mx /Termoesp/images img144-11.gif
2014.08.29 19:36 B C:\vromero\Libros\Termodinamica\vromeroTermodinamicaRed\Termoesp\images\img144-12.gif --> ftp.ucaribe.edu.mx /Termoesp/images img144-12.gif
2014.08.29 19:36 B C:\vromero\Libros\Termodinamica\vromeroTermodinamicaRed\Termoesp\images\img144-13.gif --> ftp.ucaribe.edu.mx /Termoesp/images img144-13.gif
2014.08.29 19:36 B C:\vromero\Libros\Termodinamica\vromeroTermodinamicaRed\Termoesp\images\img144-14.gif --> ftp.ucaribe.edu.mx /Termoesp/images img144-14.gif
2014.08.29 19:36 B C:\vromero\Libros\Termodinamica\vromeroTermodinamicaRed\Termoesp\images\img144-15.gif --> ftp.ucaribe.edu.mx /Termoesp/images img144-15.gif
2014.08.29 19:36 B C:\vromero\Libros\Termodinamica\vromeroTermodinamicaRed\Termoesp\images\img144-16.gif --> ftp.ucaribe.edu.mx /Termoesp/images img144-16.gif
2014.08.29 19:36 B C:\vromero\Libros\Termodinamica\vromeroTermodinamicaRed\Termoesp\images\img144-17.gif --> ftp.ucaribe.edu.mx /Termoesp/images img144-17.gif
2014.08.29 19:36 B C:\vromero\Libros\Termodinamica\vromeroTermodinamicaRed\Termoesp\images\img144-18.gif --> ftp.ucaribe.edu.mx /Termoesp/images img144-18.gif
2014.08.29 19:36 B C:\vromero\Libros\Termodinamica\vromeroTermodinamicaRed\Termoesp\images\img144-3.gif --> ftp.ucaribe.edu.mx /Termoesp/images img144-3.gif
2014.08.29 19:36 B C:\vromero\Libros\Termodinamica\vromeroTermodinamicaRed\Termoesp\images\img144-4.gif --> ftp.ucaribe.edu.mx /Termoesp/images img144-4.gif
2014.08.29 19:36 B C:\vromero\Libros\Termodinamica\vromeroTermodinamicaRed\Termoesp\images\img144-5.gif --> ftp.ucaribe.edu.mx /Termoesp/images img144-5.gif
2014.08.29 19:36 B C:\vromero\Libros\Termodinamica\vromeroTermodinamicaRed\Termoesp\images\img144-6.gif --> ftp.ucaribe.edu.mx /Termoesp/images img144-6.gif
2014.08.29 19:36 B C:\vromero\Libros\Termodinamica\vromeroTermodinamicaRed\Termoesp\images\img144-7.gif --> ftp.ucaribe.edu.mx /Termoesp/images img144-7.gif
2014.08.29 19:36 B C:\vromero\Libros\Termodinamica\vromeroTermodinamicaRed\Termoesp\images\img144-8.gif --> ftp.ucaribe.edu.mx /Termoesp/images img144-8.gif
2014.08.29 19:36 B C:\vromero\Libros\Termodinamica\vromeroTermodinamicaRed\Termoesp\images\img144-9.gif --> ftp.ucaribe.edu.mx /Termoesp/images img144-9.gif
2014.08.29 19:36 B C:\vromero\Libros\Termodinamica\vromeroTermodinamicaRed\Termoesp\images\img145-10.gif --> ftp.ucaribe.edu.mx /Termoesp/images img145-10.gif
2014.08.29 19:36 B C:\vromero\Libros\Termodinamica\vromeroTermodinamicaRed\Termoesp\images\img145-11.gif --> ftp.ucaribe.edu.mx /Termoesp/images img145-11.gif
2014.08.29 19:36 B C:\vromero\Libros\Termodinamica\vromeroTermodinamicaRed\Termoesp\images\img145-12.gif --> ftp.ucaribe.edu.mx /Termoesp/images img145-12.gif
2014.08.29 19:36 B C:\vromero\Libros\Termodinamica\vromeroTermodinamicaRed\Termoesp\images\img145-13.gif --> ftp.ucaribe.edu.mx /Termoesp/images img145-13.gif
2014.08.29 19:36 B C:\vromero\Libros\Termodinamica\vromeroTermodinamicaRed\Termoesp\images\img145-14.gif --> ftp.ucaribe.edu.mx /Termoesp/images img145-14.gif
2014.08.29 19:36 B C:\vromero\Libros\Termodinamica\vromeroTermodinamicaRed\Termoesp\images\img145-15.gif --> ftp.ucaribe.edu.mx /Termoesp/images img145-15.gif
2014.08.29 19:36 B C:\vromero\Libros\Termodinamica\vromeroTermodinamicaRed\Termoesp\images\img145-16.gif --> ftp.ucaribe.edu.mx /Termoesp/images img145-16.gif
2014.08.29 19:36 B C:\vromero\Libros\Termodinamica\vromeroTermodinamicaRed\Termoesp\images\img145-17.gif --> ftp.ucaribe.edu.mx /Termoesp/images img145-17.gif
2014.08.29 19:36 B C:\vromero\Libros\Termodinamica\vromeroTermodinamicaRed\Termoesp\images\img145-18.gif --> ftp.ucaribe.edu.mx /Termoesp/images img145-18.gif
2014.08.29 19:36 B C:\vromero\Libros\Termodinamica\vromeroTermodinamicaRed\Termoesp\images\img145-19.gif --> ftp.ucaribe.edu.mx /Termoesp/images img145-19.gif
2014.08.29 19:36 B C:\vromero\Libros\Termodinamica\vromeroTermodinamicaRed\Termoesp\images\img145-20.gif --> ftp.ucaribe.edu.mx /Termoesp/images img145-20.gif
2014.08.29 19:36 B C:\vromero\Libros\Termodinamica\vromeroTermodinamicaRed\Termoesp\images\img145-21.gif --> ftp.ucaribe.edu.mx /Termoesp/images img145-21.gif
2014.08.29 19:36 B C:\vromero\Libros\Termodinamica\vromeroTermodinamicaRed\Termoesp\images\img145-22.gif --> ftp.ucaribe.edu.mx /Termoesp/images img145-22.gif
2014.08.29 19:36 B C:\vromero\Libros\Termodinamica\vromeroTermodinamicaRed\Termoesp\images\img145-23.gif --> ftp.ucaribe.edu.mx /Termoesp/images img145-23.gif
2014.08.29 19:36 B C:\vromero\Libros\Termodinamica\vromeroTermodinamicaRed\Termoesp\images\img145-24.gif --> ftp.ucaribe.edu.mx /Termoesp/images img145-24.gif
2014.08.29 19:36 B C:\vromero\Libros\Termodinamica\vromeroTermodinamicaRed\Termoesp\images\img145-25.gif --> ftp.ucaribe.edu.mx /Termoesp/images img145-25.gif
2014.08.29 19:36 B C:\vromero\Libros\Termodinamica\vromeroTermodinamicaRed\Termoesp\images\img145-26.gif --> ftp.ucaribe.edu.mx /Termoesp/images img145-26.gif
2014.08.29 19:36 B C:\vromero\Libros\Termodinamica\vromeroTermodinamicaRed\Termoesp\images\img145-3.gif --> ftp.ucaribe.edu.mx /Termoesp/images img145-3.gif
2014.08.29 19:36 B C:\vromero\Libros\Termodinamica\vromeroTermodinamicaRed\Termoesp\images\img145-4.gif --> ftp.ucaribe.edu.mx /Termoesp/images img145-4.gif
2014.08.29 19:36 B C:\vromero\Libros\Termodinamica\vromeroTermodinamicaRed\Termoesp\images\img145-5.gif --> ftp.ucaribe.edu.mx /Termoesp/images img145-5.gif
2014.08.29 19:36 B C:\vromero\Libros\Termodinamica\vromeroTermodinamicaRed\Termoesp\images\img145-6.gif --> ftp.ucaribe.edu.mx /Termoesp/images img145-6.gif
2014.08.29 19:36 B C:\vromero\Libros\Termodinamica\vromeroTermodinamicaRed\Termoesp\images\img145-7.gif --> ftp.ucaribe.edu.mx /Termoesp/images img145-7.gif
2014.08.29 19:36 B C:\vromero\Libros\Termodinamica\vromeroTermodinamicaRed\Termoesp\images\img145-8.gif --> ftp.ucaribe.edu.mx /Termoesp/images img145-8.gif
2014.08.29 19:36 B C:\vromero\Libros\Termodinamica\vromeroTermodinamicaRed\Termoesp\images\img145-9.gif --> ftp.ucaribe.edu.mx /Termoesp/images img145-9.gif
2014.08.29 19:36 B C:\vromero\Libros\Termodinamica\vromeroTermodinamicaRed\Termoesp\images\img146-10.gif --> ftp.ucaribe.edu.mx /Termoesp/images img146-10.gif
2014.08.29 19:36 B C:\vromero\Libros\Termodinamica\vromeroTermodinamicaRed\Termoesp\images\img146-3.gif --> ftp.ucaribe.edu.mx /Termoesp/images img146-3.gif
2014.08.29 19:36 B C:\vromero\Libros\Termodinamica\vromeroTermodinamicaRed\Termoesp\images\img146-4.gif --> ftp.ucaribe.edu.mx /Termoesp/images img146-4.gif
2014.08.29 19:36 B C:\vromero\Libros\Termodinamica\vromeroTermodinamicaRed\Termoesp\images\img146-5.gif --> ftp.ucaribe.edu.mx /Termoesp/images img146-5.gif
2014.08.29 19:36 B C:\vromero\Libros\Termodinamica\vromeroTermodinamicaRed\Termoesp\images\img146-6.gif --> ftp.ucaribe.edu.mx /Termoesp/images img146-6.gif
2014.08.29 19:36 B C:\vromero\Libros\Termodinamica\vromeroTermodinamicaRed\Termoesp\images\img146-7.gif --> ftp.ucaribe.edu.mx /Termoesp/images img146-7.gif
2014.08.29 19:36 B C:\vromero\Libros\Termodinamica\vromeroTermodinamicaRed\Termoesp\images\img146-8.gif --> ftp.ucaribe.edu.mx /Termoesp/images img146-8.gif
2014.08.29 19:36 B C:\vromero\Libros\Termodinamica\vromeroTermodinamicaRed\Termoesp\images\img146-9.gif --> ftp.ucaribe.edu.mx /Termoesp/images img146-9.gif
2014.08.29 19:36 B C:\vromero\Libros\Termodinamica\vromeroTermodinamicaRed\Termoesp\images\img147-10.gif --> ftp.ucaribe.edu.mx /Termoesp/images img147-10.gif
2014.08.29 19:36 B C:\vromero\Libros\Termodinamica\vromeroTermodinamicaRed\Termoesp\images\img147-11.gif --> ftp.ucaribe.edu.mx /Termoesp/images img147-11.gif
2014.08.29 19:36 B C:\vromero\Libros\Termodinamica\vromeroTermodinamicaRed\Termoesp\images\img147-12.gif --> ftp.ucaribe.edu.mx /Termoesp/images img147-12.gif
2014.08.29 19:36 B C:\vromero\Libros\Termodinamica\vromeroTermodinamicaRed\Termoesp\images\img147-13.gif --> ftp.ucaribe.edu.mx /Termoesp/images img147-13.gif
2014.08.29 19:36 B C:\vromero\Libros\Termodinamica\vromeroTermodinamicaRed\Termoesp\images\img147-14.gif --> ftp.ucaribe.edu.mx /Termoesp/images img147-14.gif
2014.08.29 19:36 B C:\vromero\Libros\Termodinamica\vromeroTermodinamicaRed\Termoesp\images\img147-15.gif --> ftp.ucaribe.edu.mx /Termoesp/images img147-15.gif
2014.08.29 19:36 B C:\vromero\Libros\Termodinamica\vromeroTermodinamicaRed\Termoesp\images\img147-16.gif --> ftp.ucaribe.edu.mx /Termoesp/images img147-16.gif
2014.08.29 19:36 B C:\vromero\Libros\Termodinamica\vromeroTermodinamicaRed\Termoesp\images\img147-17.gif --> ftp.ucaribe.edu.mx /Termoesp/images img147-17.gif
2014.08.29 19:36 B C:\vromero\Libros\Termodinamica\vromeroTermodinamicaRed\Termoesp\images\img147-18.gif --> ftp.ucaribe.edu.mx /Termoesp/images img147-18.gif
2014.08.29 19:36 B C:\vromero\Libros\Termodinamica\vromeroTermodinamicaRed\Termoesp\images\img147-19.gif --> ftp.ucaribe.edu.mx /Termoesp/images img147-19.gif
2014.08.29 19:36 B C:\vromero\Libros\Termodinamica\vromeroTermodinamicaRed\Termoesp\images\img147-20.gif --> ftp.ucaribe.edu.mx /Termoesp/images img147-20.gif
2014.08.29 19:36 B C:\vromero\Libros\Termodinamica\vromeroTermodinamicaRed\Termoesp\images\img147-21.gif --> ftp.ucaribe.edu.mx /Termoesp/images img147-21.gif
2014.08.29 19:36 B C:\vromero\Libros\Termodinamica\vromeroTermodinamicaRed\Termoesp\images\img147-22.gif --> ftp.ucaribe.edu.mx /Termoesp/images img147-22.gif
2014.08.29 19:36 B C:\vromero\Libros\Termodinamica\vromeroTermodinamicaRed\Termoesp\images\img147-23.gif --> ftp.ucaribe.edu.mx /Termoesp/images img147-23.gif
2014.08.29 19:36 B C:\vromero\Libros\Termodinamica\vromeroTermodinamicaRed\Termoesp\images\img147-24.gif --> ftp.ucaribe.edu.mx /Termoesp/images img147-24.gif
2014.08.29 19:36 B C:\vromero\Libros\Termodinamica\vromeroTermodinamicaRed\Termoesp\images\img147-25.gif --> ftp.ucaribe.edu.mx /Termoesp/images img147-25.gif
2014.08.29 19:36 B C:\vromero\Libros\Termodinamica\vromeroTermodinamicaRed\Termoesp\images\img147-26.gif --> ftp.ucaribe.edu.mx /Termoesp/images img147-26.gif
2014.08.29 19:36 B C:\vromero\Libros\Termodinamica\vromeroTermodinamicaRed\Termoesp\images\img147-27.gif --> ftp.ucaribe.edu.mx /Termoesp/images img147-27.gif
2014.08.29 19:36 B C:\vromero\Libros\Termodinamica\vromeroTermodinamicaRed\Termoesp\images\img147-28.gif --> ftp.ucaribe.edu.mx /Termoesp/images img147-28.gif
2014.08.29 19:36 B C:\vromero\Libros\Termodinamica\vromeroTermodinamicaRed\Termoesp\images\img147-29.gif --> ftp.ucaribe.edu.mx /Termoesp/images img147-29.gif
2014.08.29 19:36 B C:\vromero\Libros\Termodinamica\vromeroTermodinamicaRed\Termoesp\images\img147-3.gif --> ftp.ucaribe.edu.mx /Termoesp/images img147-3.gif
2014.08.29 19:36 B C:\vromero\Libros\Termodinamica\vromeroTermodinamicaRed\Termoesp\images\img147-30.gif --> ftp.ucaribe.edu.mx /Termoesp/images img147-30.gif
2014.08.29 19:36 B C:\vromero\Libros\Termodinamica\vromeroTermodinamicaRed\Termoesp\images\img147-31.gif --> ftp.ucaribe.edu.mx /Termoesp/images img147-31.gif
2014.08.29 19:36 B C:\vromero\Libros\Termodinamica\vromeroTermodinamicaRed\Termoesp\images\img147-34.gif --> ftp.ucaribe.edu.mx /Termoesp/images img147-34.gif
2014.08.29 19:36 B C:\vromero\Libros\Termodinamica\vromeroTermodinamicaRed\Termoesp\images\img147-35.gif --> ftp.ucaribe.edu.mx /Termoesp/images img147-35.gif
2014.08.29 19:36 B C:\vromero\Libros\Termodinamica\vromeroTermodinamicaRed\Termoesp\images\img147-36.gif --> ftp.ucaribe.edu.mx /Termoesp/images img147-36.gif
2014.08.29 19:36 B C:\vromero\Libros\Termodinamica\vromeroTermodinamicaRed\Termoesp\images\img147-37.gif --> ftp.ucaribe.edu.mx /Termoesp/images img147-37.gif
2014.08.29 19:36 B C:\vromero\Libros\Termodinamica\vromeroTermodinamicaRed\Termoesp\images\img147-38.gif --> ftp.ucaribe.edu.mx /Termoesp/images img147-38.gif
2014.08.29 19:36 B C:\vromero\Libros\Termodinamica\vromeroTermodinamicaRed\Termoesp\images\img147-39.gif --> ftp.ucaribe.edu.mx /Termoesp/images img147-39.gif
2014.08.29 19:36 B C:\vromero\Libros\Termodinamica\vromeroTermodinamicaRed\Termoesp\images\img147-4.gif --> ftp.ucaribe.edu.mx /Termoesp/images img147-4.gif
2014.08.29 19:36 B C:\vromero\Libros\Termodinamica\vromeroTermodinamicaRed\Termoesp\images\img147-5.gif --> ftp.ucaribe.edu.mx /Termoesp/images img147-5.gif
2014.08.29 19:36 B C:\vromero\Libros\Termodinamica\vromeroTermodinamicaRed\Termoesp\images\img147-6.gif --> ftp.ucaribe.edu.mx /Termoesp/images img147-6.gif
2014.08.29 19:36 B C:\vromero\Libros\Termodinamica\vromeroTermodinamicaRed\Termoesp\images\img147-7.gif --> ftp.ucaribe.edu.mx /Termoesp/images img147-7.gif
2014.08.29 19:36 B C:\vromero\Libros\Termodinamica\vromeroTermodinamicaRed\Termoesp\images\img147-8.gif --> ftp.ucaribe.edu.mx /Termoesp/images img147-8.gif
2014.08.29 19:36 B C:\vromero\Libros\Termodinamica\vromeroTermodinamicaRed\Termoesp\images\img147-9.gif --> ftp.ucaribe.edu.mx /Termoesp/images img147-9.gif
2014.08.29 19:36 B C:\vromero\Libros\Termodinamica\vromeroTermodinamicaRed\Termoesp\images\img148-10.gif --> ftp.ucaribe.edu.mx /Termoesp/images img148-10.gif
2014.08.29 19:36 B C:\vromero\Libros\Termodinamica\vromeroTermodinamicaRed\Termoesp\images\img148-11.gif --> ftp.ucaribe.edu.mx /Termoesp/images img148-11.gif
2014.08.29 19:36 B C:\vromero\Libros\Termodinamica\vromeroTermodinamicaRed\Termoesp\images\img148-12.gif --> ftp.ucaribe.edu.mx /Termoesp/images img148-12.gif
2014.08.29 19:36 B C:\vromero\Libros\Termodinamica\vromeroTermodinamicaRed\Termoesp\images\img148-13.gif --> ftp.ucaribe.edu.mx /Termoesp/images img148-13.gif
2014.08.29 19:36 B C:\vromero\Libros\Termodinamica\vromeroTermodinamicaRed\Termoesp\images\img148-14.gif --> ftp.ucaribe.edu.mx /Termoesp/images img148-14.gif
2014.08.29 19:36 B C:\vromero\Libros\Termodinamica\vromeroTermodinamicaRed\Termoesp\images\img148-15.gif --> ftp.ucaribe.edu.mx /Termoesp/images img148-15.gif
2014.08.29 19:36 B C:\vromero\Libros\Termodinamica\vromeroTermodinamicaRed\Termoesp\images\img148-16.gif --> ftp.ucaribe.edu.mx /Termoesp/images img148-16.gif
2014.08.29 19:36 B C:\vromero\Libros\Termodinamica\vromeroTermodinamicaRed\Termoesp\images\img148-17.gif --> ftp.ucaribe.edu.mx /Termoesp/images img148-17.gif
2014.08.29 19:36 B C:\vromero\Libros\Termodinamica\vromeroTermodinamicaRed\Termoesp\images\img148-18.gif --> ftp.ucaribe.edu.mx /Termoesp/images img148-18.gif
2014.08.29 19:36 B C:\vromero\Libros\Termodinamica\vromeroTermodinamicaRed\Termoesp\images\img148-19.gif --> ftp.ucaribe.edu.mx /Termoesp/images img148-19.gif
2014.08.29 19:36 B C:\vromero\Libros\Termodinamica\vromeroTermodinamicaRed\Termoesp\images\img148-20.gif --> ftp.ucaribe.edu.mx /Termoesp/images img148-20.gif
2014.08.29 19:36 B C:\vromero\Libros\Termodinamica\vromeroTermodinamicaRed\Termoesp\images\img148-21.gif --> ftp.ucaribe.edu.mx /Termoesp/images img148-21.gif
2014.08.29 19:36 B C:\vromero\Libros\Termodinamica\vromeroTermodinamicaRed\Termoesp\images\img148-22.gif --> ftp.ucaribe.edu.mx /Termoesp/images img148-22.gif
2014.08.29 19:36 B C:\vromero\Libros\Termodinamica\vromeroTermodinamicaRed\Termoesp\images\img148-23.gif --> ftp.ucaribe.edu.mx /Termoesp/images img148-23.gif
2014.08.29 19:36 B C:\vromero\Libros\Termodinamica\vromeroTermodinamicaRed\Termoesp\images\img148-24.gif --> ftp.ucaribe.edu.mx /Termoesp/images img148-24.gif
2014.08.29 19:36 B C:\vromero\Libros\Termodinamica\vromeroTermodinamicaRed\Termoesp\images\img148-25.gif --> ftp.ucaribe.edu.mx /Termoesp/images img148-25.gif
2014.08.29 19:36 B C:\vromero\Libros\Termodinamica\vromeroTermodinamicaRed\Termoesp\images\img148-26.gif --> ftp.ucaribe.edu.mx /Termoesp/images img148-26.gif
2014.08.29 19:36 B C:\vromero\Libros\Termodinamica\vromeroTermodinamicaRed\Termoesp\images\img148-27.gif --> ftp.ucaribe.edu.mx /Termoesp/images img148-27.gif
2014.08.29 19:36 B C:\vromero\Libros\Termodinamica\vromeroTermodinamicaRed\Termoesp\images\img148-28.gif --> ftp.ucaribe.edu.mx /Termoesp/images img148-28.gif
2014.08.29 19:36 B C:\vromero\Libros\Termodinamica\vromeroTermodinamicaRed\Termoesp\images\img148-29.gif --> ftp.ucaribe.edu.mx /Termoesp/images img148-29.gif
2014.08.29 19:36 B C:\vromero\Libros\Termodinamica\vromeroTermodinamicaRed\Termoesp\images\img148-3.gif --> ftp.ucaribe.edu.mx /Termoesp/images img148-3.gif
2014.08.29 19:36 B C:\vromero\Libros\Termodinamica\vromeroTermodinamicaRed\Termoesp\images\img148-30.gif --> ftp.ucaribe.edu.mx /Termoesp/images img148-30.gif
2014.08.29 19:36 B C:\vromero\Libros\Termodinamica\vromeroTermodinamicaRed\Termoesp\images\img148-31.gif --> ftp.ucaribe.edu.mx /Termoesp/images img148-31.gif
2014.08.29 19:36 B C:\vromero\Libros\Termodinamica\vromeroTermodinamicaRed\Termoesp\images\img148-32.gif --> ftp.ucaribe.edu.mx /Termoesp/images img148-32.gif
2014.08.29 19:36 B C:\vromero\Libros\Termodinamica\vromeroTermodinamicaRed\Termoesp\images\img148-33.gif --> ftp.ucaribe.edu.mx /Termoesp/images img148-33.gif
2014.08.29 19:36 B C:\vromero\Libros\Termodinamica\vromeroTermodinamicaRed\Termoesp\images\img148-34.gif --> ftp.ucaribe.edu.mx /Termoesp/images img148-34.gif
2014.08.29 19:36 B C:\vromero\Libros\Termodinamica\vromeroTermodinamicaRed\Termoesp\images\img148-35.gif --> ftp.ucaribe.edu.mx /Termoesp/images img148-35.gif
2014.08.29 19:36 B C:\vromero\Libros\Termodinamica\vromeroTermodinamicaRed\Termoesp\images\img148-36.gif --> ftp.ucaribe.edu.mx /Termoesp/images img148-36.gif
2014.08.29 19:36 B C:\vromero\Libros\Termodinamica\vromeroTermodinamicaRed\Termoesp\images\img148-37.gif --> ftp.ucaribe.edu.mx /Termoesp/images img148-37.gif
2014.08.29 19:36 B C:\vromero\Libros\Termodinamica\vromeroTermodinamicaRed\Termoesp\images\img148-38.gif --> ftp.ucaribe.edu.mx /Termoesp/images img148-38.gif
2014.08.29 19:36 B C:\vromero\Libros\Termodinamica\vromeroTermodinamicaRed\Termoesp\images\img148-39.gif --> ftp.ucaribe.edu.mx /Termoesp/images img148-39.gif
2014.08.29 19:36 B C:\vromero\Libros\Termodinamica\vromeroTermodinamicaRed\Termoesp\images\img148-4.gif --> ftp.ucaribe.edu.mx /Termoesp/images img148-4.gif
2014.08.29 19:36 B C:\vromero\Libros\Termodinamica\vromeroTermodinamicaRed\Termoesp\images\img148-5.gif --> ftp.ucaribe.edu.mx /Termoesp/images img148-5.gif
2014.08.29 19:36 B C:\vromero\Libros\Termodinamica\vromeroTermodinamicaRed\Termoesp\images\img148-6.gif --> ftp.ucaribe.edu.mx /Termoesp/images img148-6.gif
2014.08.29 19:36 B C:\vromero\Libros\Termodinamica\vromeroTermodinamicaRed\Termoesp\images\img148-7.gif --> ftp.ucaribe.edu.mx /Termoesp/images img148-7.gif
2014.08.29 19:36 B C:\vromero\Libros\Termodinamica\vromeroTermodinamicaRed\Termoesp\images\img148-8.gif --> ftp.ucaribe.edu.mx /Termoesp/images img148-8.gif
2014.08.29 19:36 B C:\vromero\Libros\Termodinamica\vromeroTermodinamicaRed\Termoesp\images\img148-9.gif --> ftp.ucaribe.edu.mx /Termoesp/images img148-9.gif
2014.08.29 19:36 B C:\vromero\Libros\Termodinamica\vromeroTermodinamicaRed\Termoesp\images\img149-10.gif --> ftp.ucaribe.edu.mx /Termoesp/images img149-10.gif
2014.08.29 19:36 B C:\vromero\Libros\Termodinamica\vromeroTermodinamicaRed\Termoesp\images\img149-11.gif --> ftp.ucaribe.edu.mx /Termoesp/images img149-11.gif
2014.08.29 19:36 B C:\vromero\Libros\Termodinamica\vromeroTermodinamicaRed\Termoesp\images\img149-12.gif --> ftp.ucaribe.edu.mx /Termoesp/images img149-12.gif
2014.08.29 19:36 B C:\vromero\Libros\Termodinamica\vromeroTermodinamicaRed\Termoesp\images\img149-13.gif --> ftp.ucaribe.edu.mx /Termoesp/images img149-13.gif
2014.08.29 19:36 B C:\vromero\Libros\Termodinamica\vromeroTermodinamicaRed\Termoesp\images\img149-14.gif --> ftp.ucaribe.edu.mx /Termoesp/images img149-14.gif
2014.08.29 19:36 B C:\vromero\Libros\Termodinamica\vromeroTermodinamicaRed\Termoesp\images\img149-15.gif --> ftp.ucaribe.edu.mx /Termoesp/images img149-15.gif
2014.08.29 19:36 B C:\vromero\Libros\Termodinamica\vromeroTermodinamicaRed\Termoesp\images\img149-16.gif --> ftp.ucaribe.edu.mx /Termoesp/images img149-16.gif
2014.08.29 19:36 B C:\vromero\Libros\Termodinamica\vromeroTermodinamicaRed\Termoesp\images\img149-17.gif --> ftp.ucaribe.edu.mx /Termoesp/images img149-17.gif
2014.08.29 19:36 B C:\vromero\Libros\Termodinamica\vromeroTermodinamicaRed\Termoesp\images\img149-18.gif --> ftp.ucaribe.edu.mx /Termoesp/images img149-18.gif
2014.08.29 19:36 B C:\vromero\Libros\Termodinamica\vromeroTermodinamicaRed\Termoesp\images\img149-19.gif --> ftp.ucaribe.edu.mx /Termoesp/images img149-19.gif
2014.08.29 19:36 B C:\vromero\Libros\Termodinamica\vromeroTermodinamicaRed\Termoesp\images\img149-20.gif --> ftp.ucaribe.edu.mx /Termoesp/images img149-20.gif
2014.08.29 19:36 B C:\vromero\Libros\Termodinamica\vromeroTermodinamicaRed\Termoesp\images\img149-21.gif --> ftp.ucaribe.edu.mx /Termoesp/images img149-21.gif
2014.08.29 19:36 B C:\vromero\Libros\Termodinamica\vromeroTermodinamicaRed\Termoesp\images\img149-22.gif --> ftp.ucaribe.edu.mx /Termoesp/images img149-22.gif
2014.08.29 19:36 B C:\vromero\Libros\Termodinamica\vromeroTermodinamicaRed\Termoesp\images\img149-23.gif --> ftp.ucaribe.edu.mx /Termoesp/images img149-23.gif
2014.08.29 19:36 B C:\vromero\Libros\Termodinamica\vromeroTermodinamicaRed\Termoesp\images\img149-24.gif --> ftp.ucaribe.edu.mx /Termoesp/images img149-24.gif
2014.08.29 19:36 B C:\vromero\Libros\Termodinamica\vromeroTermodinamicaRed\Termoesp\images\img149-25.gif --> ftp.ucaribe.edu.mx /Termoesp/images img149-25.gif
2014.08.29 19:36 B C:\vromero\Libros\Termodinamica\vromeroTermodinamicaRed\Termoesp\images\img149-26.gif --> ftp.ucaribe.edu.mx /Termoesp/images img149-26.gif
2014.08.29 19:36 B C:\vromero\Libros\Termodinamica\vromeroTermodinamicaRed\Termoesp\images\img149-27.gif --> ftp.ucaribe.edu.mx /Termoesp/images img149-27.gif
2014.08.29 19:36 B C:\vromero\Libros\Termodinamica\vromeroTermodinamicaRed\Termoesp\images\img149-28.gif --> ftp.ucaribe.edu.mx /Termoesp/images img149-28.gif
2014.08.29 19:36 B C:\vromero\Libros\Termodinamica\vromeroTermodinamicaRed\Termoesp\images\img149-29.gif --> ftp.ucaribe.edu.mx /Termoesp/images img149-29.gif
2014.08.29 19:36 B C:\vromero\Libros\Termodinamica\vromeroTermodinamicaRed\Termoesp\images\img149-3.gif --> ftp.ucaribe.edu.mx /Termoesp/images img149-3.gif
2014.08.29 19:36 B C:\vromero\Libros\Termodinamica\vromeroTermodinamicaRed\Termoesp\images\img149-30.gif --> ftp.ucaribe.edu.mx /Termoesp/images img149-30.gif
2014.08.29 19:36 B C:\vromero\Libros\Termodinamica\vromeroTermodinamicaRed\Termoesp\images\img149-31.gif --> ftp.ucaribe.edu.mx /Termoesp/images img149-31.gif
2014.08.29 19:36 B C:\vromero\Libros\Termodinamica\vromeroTermodinamicaRed\Termoesp\images\img149-32.gif --> ftp.ucaribe.edu.mx /Termoesp/images img149-32.gif
2014.08.29 19:36 B C:\vromero\Libros\Termodinamica\vromeroTermodinamicaRed\Termoesp\images\img149-33.gif --> ftp.ucaribe.edu.mx /Termoesp/images img149-33.gif
2014.08.29 19:36 B C:\vromero\Libros\Termodinamica\vromeroTermodinamicaRed\Termoesp\images\img149-34.gif --> ftp.ucaribe.edu.mx /Termoesp/images img149-34.gif
2014.08.29 19:36 B C:\vromero\Libros\Termodinamica\vromeroTermodinamicaRed\Termoesp\images\img149-35.gif --> ftp.ucaribe.edu.mx /Termoesp/images img149-35.gif
2014.08.29 19:36 B C:\vromero\Libros\Termodinamica\vromeroTermodinamicaRed\Termoesp\images\img149-36.gif --> ftp.ucaribe.edu.mx /Termoesp/images img149-36.gif
2014.08.29 19:36 B C:\vromero\Libros\Termodinamica\vromeroTermodinamicaRed\Termoesp\images\img149-37.gif --> ftp.ucaribe.edu.mx /Termoesp/images img149-37.gif
2014.08.29 19:36 B C:\vromero\Libros\Termodinamica\vromeroTermodinamicaRed\Termoesp\images\img149-38.gif --> ftp.ucaribe.edu.mx /Termoesp/images img149-38.gif
2014.08.29 19:36 B C:\vromero\Libros\Termodinamica\vromeroTermodinamicaRed\Termoesp\images\img149-39.gif --> ftp.ucaribe.edu.mx /Termoesp/images img149-39.gif
2014.08.29 19:36 B C:\vromero\Libros\Termodinamica\vromeroTermodinamicaRed\Termoesp\images\img149-4.gif --> ftp.ucaribe.edu.mx /Termoesp/images img149-4.gif
2014.08.29 19:36 B C:\vromero\Libros\Termodinamica\vromeroTermodinamicaRed\Termoesp\images\img149-40.gif --> ftp.ucaribe.edu.mx /Termoesp/images img149-40.gif
2014.08.29 19:36 B C:\vromero\Libros\Termodinamica\vromeroTermodinamicaRed\Termoesp\images\img149-41.gif --> ftp.ucaribe.edu.mx /Termoesp/images img149-41.gif
2014.08.29 19:36 B C:\vromero\Libros\Termodinamica\vromeroTermodinamicaRed\Termoesp\images\img149-42.gif --> ftp.ucaribe.edu.mx /Termoesp/images img149-42.gif
2014.08.29 19:36 B C:\vromero\Libros\Termodinamica\vromeroTermodinamicaRed\Termoesp\images\img149-43.gif --> ftp.ucaribe.edu.mx /Termoesp/images img149-43.gif
2014.08.29 19:36 B C:\vromero\Libros\Termodinamica\vromeroTermodinamicaRed\Termoesp\images\img149-44.gif --> ftp.ucaribe.edu.mx /Termoesp/images img149-44.gif
2014.08.29 19:36 B C:\vromero\Libros\Termodinamica\vromeroTermodinamicaRed\Termoesp\images\img149-45.gif --> ftp.ucaribe.edu.mx /Termoesp/images img149-45.gif
2014.08.29 19:36 B C:\vromero\Libros\Termodinamica\vromeroTermodinamicaRed\Termoesp\images\img149-46.gif --> ftp.ucaribe.edu.mx /Termoesp/images img149-46.gif
2014.08.29 19:36 B C:\vromero\Libros\Termodinamica\vromeroTermodinamicaRed\Termoesp\images\img149-47.gif --> ftp.ucaribe.edu.mx /Termoesp/images img149-47.gif
2014.08.29 19:36 B C:\vromero\Libros\Termodinamica\vromeroTermodinamicaRed\Termoesp\images\img149-48.gif --> ftp.ucaribe.edu.mx /Termoesp/images img149-48.gif
2014.08.29 19:36 B C:\vromero\Libros\Termodinamica\vromeroTermodinamicaRed\Termoesp\images\img149-49.gif --> ftp.ucaribe.edu.mx /Termoesp/images img149-49.gif
2014.08.29 19:36 B C:\vromero\Libros\Termodinamica\vromeroTermodinamicaRed\Termoesp\images\img149-5.gif --> ftp.ucaribe.edu.mx /Termoesp/images img149-5.gif
2014.08.29 19:36 B C:\vromero\Libros\Termodinamica\vromeroTermodinamicaRed\Termoesp\images\img149-50.gif --> ftp.ucaribe.edu.mx /Termoesp/images img149-50.gif
2014.08.29 19:36 B C:\vromero\Libros\Termodinamica\vromeroTermodinamicaRed\Termoesp\images\img149-51.gif --> ftp.ucaribe.edu.mx /Termoesp/images img149-51.gif
2014.08.29 19:36 B C:\vromero\Libros\Termodinamica\vromeroTermodinamicaRed\Termoesp\images\img149-52.gif --> ftp.ucaribe.edu.mx /Termoesp/images img149-52.gif
2014.08.29 19:36 B C:\vromero\Libros\Termodinamica\vromeroTermodinamicaRed\Termoesp\images\img149-53.gif --> ftp.ucaribe.edu.mx /Termoesp/images img149-53.gif
2014.08.29 19:36 B C:\vromero\Libros\Termodinamica\vromeroTermodinamicaRed\Termoesp\images\img149-54.gif --> ftp.ucaribe.edu.mx /Termoesp/images img149-54.gif
2014.08.29 19:36 B C:\vromero\Libros\Termodinamica\vromeroTermodinamicaRed\Termoesp\images\img149-55.gif --> ftp.ucaribe.edu.mx /Termoesp/images img149-55.gif
2014.08.29 19:36 B C:\vromero\Libros\Termodinamica\vromeroTermodinamicaRed\Termoesp\images\img149-56.gif --> ftp.ucaribe.edu.mx /Termoesp/images img149-56.gif
2014.08.29 19:36 B C:\vromero\Libros\Termodinamica\vromeroTermodinamicaRed\Termoesp\images\img149-57.gif --> ftp.ucaribe.edu.mx /Termoesp/images img149-57.gif
2014.08.29 19:36 B C:\vromero\Libros\Termodinamica\vromeroTermodinamicaRed\Termoesp\images\img149-58.gif --> ftp.ucaribe.edu.mx /Termoesp/images img149-58.gif
2014.08.29 19:36 B C:\vromero\Libros\Termodinamica\vromeroTermodinamicaRed\Termoesp\images\img149-59.gif --> ftp.ucaribe.edu.mx /Termoesp/images img149-59.gif
2014.08.29 19:36 B C:\vromero\Libros\Termodinamica\vromeroTermodinamicaRed\Termoesp\images\img149-6.gif --> ftp.ucaribe.edu.mx /Termoesp/images img149-6.gif
2014.08.29 19:36 B C:\vromero\Libros\Termodinamica\vromeroTermodinamicaRed\Termoesp\images\img149-60.gif --> ftp.ucaribe.edu.mx /Termoesp/images img149-60.gif
2014.08.29 19:36 B C:\vromero\Libros\Termodinamica\vromeroTermodinamicaRed\Termoesp\images\img149-61.gif --> ftp.ucaribe.edu.mx /Termoesp/images img149-61.gif
2014.08.29 19:36 B C:\vromero\Libros\Termodinamica\vromeroTermodinamicaRed\Termoesp\images\img149-62.gif --> ftp.ucaribe.edu.mx /Termoesp/images img149-62.gif
2014.08.29 19:36 B C:\vromero\Libros\Termodinamica\vromeroTermodinamicaRed\Termoesp\images\img149-63.gif --> ftp.ucaribe.edu.mx /Termoesp/images img149-63.gif
2014.08.29 19:36 B C:\vromero\Libros\Termodinamica\vromeroTermodinamicaRed\Termoesp\images\img149-64.gif --> ftp.ucaribe.edu.mx /Termoesp/images img149-64.gif
2014.08.29 19:36 B C:\vromero\Libros\Termodinamica\vromeroTermodinamicaRed\Termoesp\images\img149-65.gif --> ftp.ucaribe.edu.mx /Termoesp/images img149-65.gif
2014.08.29 19:36 B C:\vromero\Libros\Termodinamica\vromeroTermodinamicaRed\Termoesp\images\img149-66.gif --> ftp.ucaribe.edu.mx /Termoesp/images img149-66.gif
2014.08.29 19:36 B C:\vromero\Libros\Termodinamica\vromeroTermodinamicaRed\Termoesp\images\img149-67.gif --> ftp.ucaribe.edu.mx /Termoesp/images img149-67.gif
2014.08.29 19:36 B C:\vromero\Libros\Termodinamica\vromeroTermodinamicaRed\Termoesp\images\img149-68.gif --> ftp.ucaribe.edu.mx /Termoesp/images img149-68.gif
2014.08.29 19:36 B C:\vromero\Libros\Termodinamica\vromeroTermodinamicaRed\Termoesp\images\img149-69.gif --> ftp.ucaribe.edu.mx /Termoesp/images img149-69.gif
2014.08.29 19:36 B C:\vromero\Libros\Termodinamica\vromeroTermodinamicaRed\Termoesp\images\img149-7.gif --> ftp.ucaribe.edu.mx /Termoesp/images img149-7.gif
2014.08.29 19:36 B C:\vromero\Libros\Termodinamica\vromeroTermodinamicaRed\Termoesp\images\img149-70.gif --> ftp.ucaribe.edu.mx /Termoesp/images img149-70.gif
2014.08.29 19:36 B C:\vromero\Libros\Termodinamica\vromeroTermodinamicaRed\Termoesp\images\img149-71.gif --> ftp.ucaribe.edu.mx /Termoesp/images img149-71.gif
2014.08.29 19:36 B C:\vromero\Libros\Termodinamica\vromeroTermodinamicaRed\Termoesp\images\img149-72.gif --> ftp.ucaribe.edu.mx /Termoesp/images img149-72.gif
2014.08.29 19:36 B C:\vromero\Libros\Termodinamica\vromeroTermodinamicaRed\Termoesp\images\img149-73.gif --> ftp.ucaribe.edu.mx /Termoesp/images img149-73.gif
2014.08.29 19:36 B C:\vromero\Libros\Termodinamica\vromeroTermodinamicaRed\Termoesp\images\img149-74.gif --> ftp.ucaribe.edu.mx /Termoesp/images img149-74.gif
2014.08.29 19:36 B C:\vromero\Libros\Termodinamica\vromeroTermodinamicaRed\Termoesp\images\img149-75.gif --> ftp.ucaribe.edu.mx /Termoesp/images img149-75.gif
2014.08.29 19:36 B C:\vromero\Libros\Termodinamica\vromeroTermodinamicaRed\Termoesp\images\img149-8.gif --> ftp.ucaribe.edu.mx /Termoesp/images img149-8.gif
2014.08.29 19:36 B C:\vromero\Libros\Termodinamica\vromeroTermodinamicaRed\Termoesp\images\img149-9.gif --> ftp.ucaribe.edu.mx /Termoesp/images img149-9.gif
2014.08.29 19:36 B C:\vromero\Libros\Termodinamica\vromeroTermodinamicaRed\Termoesp\images\img150-3.gif --> ftp.ucaribe.edu.mx /Termoesp/images img150-3.gif
2014.08.29 19:36 B C:\vromero\Libros\Termodinamica\vromeroTermodinamicaRed\Termoesp\images\img150-4.gif --> ftp.ucaribe.edu.mx /Termoesp/images img150-4.gif
2014.08.29 19:36 B C:\vromero\Libros\Termodinamica\vromeroTermodinamicaRed\Termoesp\images\img150-5.gif --> ftp.ucaribe.edu.mx /Termoesp/images img150-5.gif
2014.08.29 19:36 B C:\vromero\Libros\Termodinamica\vromeroTermodinamicaRed\Termoesp\images\img150-6.gif --> ftp.ucaribe.edu.mx /Termoesp/images img150-6.gif
2014.08.29 19:36 B C:\vromero\Libros\Termodinamica\vromeroTermodinamicaRed\Termoesp\images\img150-7.gif --> ftp.ucaribe.edu.mx /Termoesp/images img150-7.gif
2014.08.29 19:36 B C:\vromero\Libros\Termodinamica\vromeroTermodinamicaRed\Termoesp\images\img150-8.gif --> ftp.ucaribe.edu.mx /Termoesp/images img150-8.gif
2014.08.29 19:36 B C:\vromero\Libros\Termodinamica\vromeroTermodinamicaRed\Termoesp\images\img82-0.gif --> ftp.ucaribe.edu.mx /Termoesp/images img82-0.gif
2014.08.29 19:36 B C:\vromero\Libros\Termodinamica\vromeroTermodinamicaRed\Termoesp\images\img82-3.gif --> ftp.ucaribe.edu.mx /Termoesp/images img82-3.gif
2014.08.29 19:36 B C:\vromero\Libros\Termodinamica\vromeroTermodinamicaRed\Termoesp\images\img82-4.gif --> ftp.ucaribe.edu.mx /Termoesp/images img82-4.gif
2014.08.29 19:36 B C:\vromero\Libros\Termodinamica\vromeroTermodinamicaRed\Termoesp\images\img82-5.gif --> ftp.ucaribe.edu.mx /Termoesp/images img82-5.gif
2014.08.29 19:36 B C:\vromero\Libros\Termodinamica\vromeroTermodinamicaRed\Termoesp\images\img82-6.gif --> ftp.ucaribe.edu.mx /Termoesp/images img82-6.gif
2014.08.29 19:36 B C:\vromero\Libros\Termodinamica\vromeroTermodinamicaRed\Termoesp\images\img82-7.gif --> ftp.ucaribe.edu.mx /Termoesp/images img82-7.gif
2014.08.29 19:36 B C:\vromero\Libros\Termodinamica\vromeroTermodinamicaRed\Termoesp\images\img82-8.gif --> ftp.ucaribe.edu.mx /Termoesp/images img82-8.gif
2014.08.29 19:36 B C:\vromero\Libros\Termodinamica\vromeroTermodinamicaRed\Termoesp\images\img82-9.gif --> ftp.ucaribe.edu.mx /Termoesp/images img82-9.gif
2014.08.29 19:36 B C:\vromero\Libros\Termodinamica\vromeroTermodinamicaRed\Termoesp\images\img83-0.gif --> ftp.ucaribe.edu.mx /Termoesp/images img83-0.gif
2014.08.29 19:36 B C:\vromero\Libros\Termodinamica\vromeroTermodinamicaRed\Termoesp\images\img83-3.gif --> ftp.ucaribe.edu.mx /Termoesp/images img83-3.gif
2014.08.29 19:36 B C:\vromero\Libros\Termodinamica\vromeroTermodinamicaRed\Termoesp\images\img83-4.gif --> ftp.ucaribe.edu.mx /Termoesp/images img83-4.gif
2014.08.29 19:36 B C:\vromero\Libros\Termodinamica\vromeroTermodinamicaRed\Termoesp\images\img83-5.gif --> ftp.ucaribe.edu.mx /Termoesp/images img83-5.gif
2014.08.29 19:36 B C:\vromero\Libros\Termodinamica\vromeroTermodinamicaRed\Termoesp\images\img83-6.gif --> ftp.ucaribe.edu.mx /Termoesp/images img83-6.gif
2014.08.29 19:36 B C:\vromero\Libros\Termodinamica\vromeroTermodinamicaRed\Termoesp\images\img83-7.gif --> ftp.ucaribe.edu.mx /Termoesp/images img83-7.gif
2014.08.29 19:36 B C:\vromero\Libros\Termodinamica\vromeroTermodinamicaRed\Termoesp\images\img84-0.gif --> ftp.ucaribe.edu.mx /Termoesp/images img84-0.gif
2014.08.29 19:36 B C:\vromero\Libros\Termodinamica\vromeroTermodinamicaRed\Termoesp\images\img84-10.gif --> ftp.ucaribe.edu.mx /Termoesp/images img84-10.gif
2014.08.29 19:36 B C:\vromero\Libros\Termodinamica\vromeroTermodinamicaRed\Termoesp\images\img84-3.gif --> ftp.ucaribe.edu.mx /Termoesp/images img84-3.gif
2014.08.29 19:36 B C:\vromero\Libros\Termodinamica\vromeroTermodinamicaRed\Termoesp\images\img84-4.gif --> ftp.ucaribe.edu.mx /Termoesp/images img84-4.gif
2014.08.29 19:36 B C:\vromero\Libros\Termodinamica\vromeroTermodinamicaRed\Termoesp\images\img84-5.gif --> ftp.ucaribe.edu.mx /Termoesp/images img84-5.gif
2014.08.29 19:36 B C:\vromero\Libros\Termodinamica\vromeroTermodinamicaRed\Termoesp\images\img84-6.gif --> ftp.ucaribe.edu.mx /Termoesp/images img84-6.gif
2014.08.29 19:36 B C:\vromero\Libros\Termodinamica\vromeroTermodinamicaRed\Termoesp\images\img84-7.gif --> ftp.ucaribe.edu.mx /Termoesp/images img84-7.gif
2014.08.29 19:36 B C:\vromero\Libros\Termodinamica\vromeroTermodinamicaRed\Termoesp\images\img84-8.gif --> ftp.ucaribe.edu.mx /Termoesp/images img84-8.gif
2014.08.29 19:36 B C:\vromero\Libros\Termodinamica\vromeroTermodinamicaRed\Termoesp\images\img84-9.gif --> ftp.ucaribe.edu.mx /Termoesp/images img84-9.gif
2014.08.29 19:36 B C:\vromero\Libros\Termodinamica\vromeroTermodinamicaRed\Termoesp\images\img85-0.gif --> ftp.ucaribe.edu.mx /Termoesp/images img85-0.gif
2014.08.29 19:36 B C:\vromero\Libros\Termodinamica\vromeroTermodinamicaRed\Termoesp\images\img85-3.gif --> ftp.ucaribe.edu.mx /Termoesp/images img85-3.gif
2014.08.29 19:36 B C:\vromero\Libros\Termodinamica\vromeroTermodinamicaRed\Termoesp\images\img85-4.gif --> ftp.ucaribe.edu.mx /Termoesp/images img85-4.gif
2014.08.29 19:36 B C:\vromero\Libros\Termodinamica\vromeroTermodinamicaRed\Termoesp\images\img85-5.gif --> ftp.ucaribe.edu.mx /Termoesp/images img85-5.gif
2014.08.29 19:36 B C:\vromero\Libros\Termodinamica\vromeroTermodinamicaRed\Termoesp\images\img85-6.gif --> ftp.ucaribe.edu.mx /Termoesp/images img85-6.gif
2014.08.29 19:36 B C:\vromero\Libros\Termodinamica\vromeroTermodinamicaRed\Termoesp\images\img85-7.gif --> ftp.ucaribe.edu.mx /Termoesp/images img85-7.gif
2014.08.29 19:36 B C:\vromero\Libros\Termodinamica\vromeroTermodinamicaRed\Termoesp\images\img85-8.gif --> ftp.ucaribe.edu.mx /Termoesp/images img85-8.gif
2014.08.29 19:36 B C:\vromero\Libros\Termodinamica\vromeroTermodinamicaRed\Termoesp\images\img85-9.gif --> ftp.ucaribe.edu.mx /Termoesp/images img85-9.gif
2014.08.29 19:36 B C:\vromero\Libros\Termodinamica\vromeroTermodinamicaRed\Termoesp\images\img86-0.gif --> ftp.ucaribe.edu.mx /Termoesp/images img86-0.gif
2014.08.29 19:36 B C:\vromero\Libros\Termodinamica\vromeroTermodinamicaRed\Termoesp\images\img86-10.gif --> ftp.ucaribe.edu.mx /Termoesp/images img86-10.gif
2014.08.29 19:36 B C:\vromero\Libros\Termodinamica\vromeroTermodinamicaRed\Termoesp\images\img86-3.gif --> ftp.ucaribe.edu.mx /Termoesp/images img86-3.gif
2014.08.29 19:36 B C:\vromero\Libros\Termodinamica\vromeroTermodinamicaRed\Termoesp\images\img86-4.gif --> ftp.ucaribe.edu.mx /Termoesp/images img86-4.gif
2014.08.29 19:36 B C:\vromero\Libros\Termodinamica\vromeroTermodinamicaRed\Termoesp\images\img86-5.gif --> ftp.ucaribe.edu.mx /Termoesp/images img86-5.gif
2014.08.29 19:36 B C:\vromero\Libros\Termodinamica\vromeroTermodinamicaRed\Termoesp\images\img86-6.gif --> ftp.ucaribe.edu.mx /Termoesp/images img86-6.gif
2014.08.29 19:36 B C:\vromero\Libros\Termodinamica\vromeroTermodinamicaRed\Termoesp\images\img86-7.gif --> ftp.ucaribe.edu.mx /Termoesp/images img86-7.gif
2014.08.29 19:36 B C:\vromero\Libros\Termodinamica\vromeroTermodinamicaRed\Termoesp\images\img86-8.gif --> ftp.ucaribe.edu.mx /Termoesp/images img86-8.gif
2014.08.29 19:36 B C:\vromero\Libros\Termodinamica\vromeroTermodinamicaRed\Termoesp\images\img86-9.gif --> ftp.ucaribe.edu.mx /Termoesp/images img86-9.gif
2014.08.29 19:36 B C:\vromero\Libros\Termodinamica\vromeroTermodinamicaRed\Termoesp\images\img87-0.gif --> ftp.ucaribe.edu.mx /Termoesp/images img87-0.gif
2014.08.29 19:36 B C:\vromero\Libros\Termodinamica\vromeroTermodinamicaRed\Termoesp\images\img87-3.gif --> ftp.ucaribe.edu.mx /Termoesp/images img87-3.gif
2014.08.29 19:36 B C:\vromero\Libros\Termodinamica\vromeroTermodinamicaRed\Termoesp\images\img87-4.gif --> ftp.ucaribe.edu.mx /Termoesp/images img87-4.gif
2014.08.29 19:36 B C:\vromero\Libros\Termodinamica\vromeroTermodinamicaRed\Termoesp\images\img87-5.gif --> ftp.ucaribe.edu.mx /Termoesp/images img87-5.gif
2014.08.29 19:36 B C:\vromero\Libros\Termodinamica\vromeroTermodinamicaRed\Termoesp\images\img88-0.gif --> ftp.ucaribe.edu.mx /Termoesp/images img88-0.gif
2014.08.29 19:36 B C:\vromero\Libros\Termodinamica\vromeroTermodinamicaRed\Termoesp\images\img88-3.gif --> ftp.ucaribe.edu.mx /Termoesp/images img88-3.gif
2014.08.29 19:36 B C:\vromero\Libros\Termodinamica\vromeroTermodinamicaRed\Termoesp\images\img88-4.gif --> ftp.ucaribe.edu.mx /Termoesp/images img88-4.gif
2014.08.29 19:36 B C:\vromero\Libros\Termodinamica\vromeroTermodinamicaRed\Termoesp\images\img88-5.gif --> ftp.ucaribe.edu.mx /Termoesp/images img88-5.gif
2014.08.29 19:36 B C:\vromero\Libros\Termodinamica\vromeroTermodinamicaRed\Termoesp\images\img89-0.gif --> ftp.ucaribe.edu.mx /Termoesp/images img89-0.gif
2014.08.29 19:36 B C:\vromero\Libros\Termodinamica\vromeroTermodinamicaRed\Termoesp\images\img89-3.gif --> ftp.ucaribe.edu.mx /Termoesp/images img89-3.gif
2014.08.29 19:36 B C:\vromero\Libros\Termodinamica\vromeroTermodinamicaRed\Termoesp\images\img89-4.gif --> ftp.ucaribe.edu.mx /Termoesp/images img89-4.gif
2014.08.29 19:36 B C:\vromero\Libros\Termodinamica\vromeroTermodinamicaRed\Termoesp\images\img89-5.gif --> ftp.ucaribe.edu.mx /Termoesp/images img89-5.gif
2014.08.29 19:36 B C:\vromero\Libros\Termodinamica\vromeroTermodinamicaRed\Termoesp\images\img89-6.gif --> ftp.ucaribe.edu.mx /Termoesp/images img89-6.gif
2014.08.29 19:36 B C:\vromero\Libros\Termodinamica\vromeroTermodinamicaRed\Termoesp\images\img9-3.gif --> ftp.ucaribe.edu.mx /Termoesp/images img9-3.gif
2014.08.29 19:36 B C:\vromero\Libros\Termodinamica\vromeroTermodinamicaRed\Termoesp\images\img9-4.gif --> ftp.ucaribe.edu.mx /Termoesp/images img9-4.gif
2014.08.29 19:36 B C:\vromero\Libros\Termodinamica\vromeroTermodinamicaRed\Termoesp\images\img90-0.gif --> ftp.ucaribe.edu.mx /Termoesp/images img90-0.gif
2014.08.29 19:36 B C:\vromero\Libros\Termodinamica\vromeroTermodinamicaRed\Termoesp\images\img90-10.gif --> ftp.ucaribe.edu.mx /Termoesp/images img90-10.gif
2014.08.29 19:36 B C:\vromero\Libros\Termodinamica\vromeroTermodinamicaRed\Termoesp\images\img90-11.gif --> ftp.ucaribe.edu.mx /Termoesp/images img90-11.gif
2014.08.29 19:36 B C:\vromero\Libros\Termodinamica\vromeroTermodinamicaRed\Termoesp\images\img90-12.gif --> ftp.ucaribe.edu.mx /Termoesp/images img90-12.gif
2014.08.29 19:36 B C:\vromero\Libros\Termodinamica\vromeroTermodinamicaRed\Termoesp\images\img90-13.gif --> ftp.ucaribe.edu.mx /Termoesp/images img90-13.gif
2014.08.29 19:36 B C:\vromero\Libros\Termodinamica\vromeroTermodinamicaRed\Termoesp\images\img90-14.gif --> ftp.ucaribe.edu.mx /Termoesp/images img90-14.gif
2014.08.29 19:36 B C:\vromero\Libros\Termodinamica\vromeroTermodinamicaRed\Termoesp\images\img90-15.gif --> ftp.ucaribe.edu.mx /Termoesp/images img90-15.gif
2014.08.29 19:36 B C:\vromero\Libros\Termodinamica\vromeroTermodinamicaRed\Termoesp\images\img90-16.gif --> ftp.ucaribe.edu.mx /Termoesp/images img90-16.gif
2014.08.29 19:36 B C:\vromero\Libros\Termodinamica\vromeroTermodinamicaRed\Termoesp\images\img90-3.gif --> ftp.ucaribe.edu.mx /Termoesp/images img90-3.gif
2014.08.29 19:36 B C:\vromero\Libros\Termodinamica\vromeroTermodinamicaRed\Termoesp\images\img90-4.gif --> ftp.ucaribe.edu.mx /Termoesp/images img90-4.gif
2014.08.29 19:36 B C:\vromero\Libros\Termodinamica\vromeroTermodinamicaRed\Termoesp\images\img90-5.gif --> ftp.ucaribe.edu.mx /Termoesp/images img90-5.gif
2014.08.29 19:36 B C:\vromero\Libros\Termodinamica\vromeroTermodinamicaRed\Termoesp\images\img90-6.gif --> ftp.ucaribe.edu.mx /Termoesp/images img90-6.gif
2014.08.29 19:36 B C:\vromero\Libros\Termodinamica\vromeroTermodinamicaRed\Termoesp\images\img90-7.gif --> ftp.ucaribe.edu.mx /Termoesp/images img90-7.gif
2014.08.29 19:36 B C:\vromero\Libros\Termodinamica\vromeroTermodinamicaRed\Termoesp\images\img90-8.gif --> ftp.ucaribe.edu.mx /Termoesp/images img90-8.gif
2014.08.29 19:36 B C:\vromero\Libros\Termodinamica\vromeroTermodinamicaRed\Termoesp\images\img90-9.gif --> ftp.ucaribe.edu.mx /Termoesp/images img90-9.gif
2014.08.29 19:36 B C:\vromero\Libros\Termodinamica\vromeroTermodinamicaRed\Termoesp\images\img91-0.gif --> ftp.ucaribe.edu.mx /Termoesp/images img91-0.gif
2014.08.29 19:36 B C:\vromero\Libros\Termodinamica\vromeroTermodinamicaRed\Termoesp\images\img91-10.gif --> ftp.ucaribe.edu.mx /Termoesp/images img91-10.gif
2014.08.29 19:36 B C:\vromero\Libros\Termodinamica\vromeroTermodinamicaRed\Termoesp\images\img91-11.gif --> ftp.ucaribe.edu.mx /Termoesp/images img91-11.gif
2014.08.29 19:36 B C:\vromero\Libros\Termodinamica\vromeroTermodinamicaRed\Termoesp\images\img91-3.gif --> ftp.ucaribe.edu.mx /Termoesp/images img91-3.gif
2014.08.29 19:36 B C:\vromero\Libros\Termodinamica\vromeroTermodinamicaRed\Termoesp\images\img91-4.gif --> ftp.ucaribe.edu.mx /Termoesp/images img91-4.gif
2014.08.29 19:36 B C:\vromero\Libros\Termodinamica\vromeroTermodinamicaRed\Termoesp\images\img91-5.gif --> ftp.ucaribe.edu.mx /Termoesp/images img91-5.gif
2014.08.29 19:36 B C:\vromero\Libros\Termodinamica\vromeroTermodinamicaRed\Termoesp\images\img91-6.gif --> ftp.ucaribe.edu.mx /Termoesp/images img91-6.gif
2014.08.29 19:36 B C:\vromero\Libros\Termodinamica\vromeroTermodinamicaRed\Termoesp\images\img91-7.gif --> ftp.ucaribe.edu.mx /Termoesp/images img91-7.gif
2014.08.29 19:36 B C:\vromero\Libros\Termodinamica\vromeroTermodinamicaRed\Termoesp\images\img91-8.gif --> ftp.ucaribe.edu.mx /Termoesp/images img91-8.gif
2014.08.29 19:36 B C:\vromero\Libros\Termodinamica\vromeroTermodinamicaRed\Termoesp\images\img91-9.gif --> ftp.ucaribe.edu.mx /Termoesp/images img91-9.gif
2014.08.29 19:36 B C:\vromero\Libros\Termodinamica\vromeroTermodinamicaRed\Termoesp\images\img92-0.gif --> ftp.ucaribe.edu.mx /Termoesp/images img92-0.gif
2014.08.29 19:36 B C:\vromero\Libros\Termodinamica\vromeroTermodinamicaRed\Termoesp\images\img92-10.gif --> ftp.ucaribe.edu.mx /Termoesp/images img92-10.gif
2014.08.29 19:36 B C:\vromero\Libros\Termodinamica\vromeroTermodinamicaRed\Termoesp\images\img92-11.gif --> ftp.ucaribe.edu.mx /Termoesp/images img92-11.gif
2014.08.29 19:36 B C:\vromero\Libros\Termodinamica\vromeroTermodinamicaRed\Termoesp\images\img92-12.gif --> ftp.ucaribe.edu.mx /Termoesp/images img92-12.gif
2014.08.29 19:36 B C:\vromero\Libros\Termodinamica\vromeroTermodinamicaRed\Termoesp\images\img92-13.gif --> ftp.ucaribe.edu.mx /Termoesp/images img92-13.gif
2014.08.29 19:36 B C:\vromero\Libros\Termodinamica\vromeroTermodinamicaRed\Termoesp\images\img92-14.gif --> ftp.ucaribe.edu.mx /Termoesp/images img92-14.gif
2014.08.29 19:36 B C:\vromero\Libros\Termodinamica\vromeroTermodinamicaRed\Termoesp\images\img92-15.gif --> ftp.ucaribe.edu.mx /Termoesp/images img92-15.gif
2014.08.29 19:36 B C:\vromero\Libros\Termodinamica\vromeroTermodinamicaRed\Termoesp\images\img92-16.gif --> ftp.ucaribe.edu.mx /Termoesp/images img92-16.gif
2014.08.29 19:36 B C:\vromero\Libros\Termodinamica\vromeroTermodinamicaRed\Termoesp\images\img92-3.gif --> ftp.ucaribe.edu.mx /Termoesp/images img92-3.gif
2014.08.29 19:36 B C:\vromero\Libros\Termodinamica\vromeroTermodinamicaRed\Termoesp\images\img92-4.gif --> ftp.ucaribe.edu.mx /Termoesp/images img92-4.gif
2014.08.29 19:36 B C:\vromero\Libros\Termodinamica\vromeroTermodinamicaRed\Termoesp\images\img92-5.gif --> ftp.ucaribe.edu.mx /Termoesp/images img92-5.gif
2014.08.29 19:36 B C:\vromero\Libros\Termodinamica\vromeroTermodinamicaRed\Termoesp\images\img92-6.gif --> ftp.ucaribe.edu.mx /Termoesp/images img92-6.gif
2014.08.29 19:36 B C:\vromero\Libros\Termodinamica\vromeroTermodinamicaRed\Termoesp\images\img92-7.gif --> ftp.ucaribe.edu.mx /Termoesp/images img92-7.gif
2014.08.29 19:36 B C:\vromero\Libros\Termodinamica\vromeroTermodinamicaRed\Termoesp\images\img92-8.gif --> ftp.ucaribe.edu.mx /Termoesp/images img92-8.gif
2014.08.29 19:36 B C:\vromero\Libros\Termodinamica\vromeroTermodinamicaRed\Termoesp\images\img92-9.gif --> ftp.ucaribe.edu.mx /Termoesp/images img92-9.gif
2014.08.29 19:36 B C:\vromero\Libros\Termodinamica\vromeroTermodinamicaRed\Termoesp\images\img93-0.gif --> ftp.ucaribe.edu.mx /Termoesp/images img93-0.gif
2014.08.29 19:36 B C:\vromero\Libros\Termodinamica\vromeroTermodinamicaRed\Termoesp\images\img93-3.gif --> ftp.ucaribe.edu.mx /Termoesp/images img93-3.gif
2014.08.29 19:36 B C:\vromero\Libros\Termodinamica\vromeroTermodinamicaRed\Termoesp\images\img93-4.gif --> ftp.ucaribe.edu.mx /Termoesp/images img93-4.gif
2014.08.29 19:36 B C:\vromero\Libros\Termodinamica\vromeroTermodinamicaRed\Termoesp\images\img94-3.gif --> ftp.ucaribe.edu.mx /Termoesp/images img94-3.gif
2014.08.29 19:36 B C:\vromero\Libros\Termodinamica\vromeroTermodinamicaRed\Termoesp\images\img94-4.gif --> ftp.ucaribe.edu.mx /Termoesp/images img94-4.gif
2014.08.29 19:36 B C:\vromero\Libros\Termodinamica\vromeroTermodinamicaRed\Termoesp\images\img94-5.gif --> ftp.ucaribe.edu.mx /Termoesp/images img94-5.gif
2014.08.29 19:36 B C:\vromero\Libros\Termodinamica\vromeroTermodinamicaRed\Termoesp\images\img94-6.gif --> ftp.ucaribe.edu.mx /Termoesp/images img94-6.gif
2014.08.29 19:36 B C:\vromero\Libros\Termodinamica\vromeroTermodinamicaRed\Termoesp\images\img95-10.gif --> ftp.ucaribe.edu.mx /Termoesp/images img95-10.gif
2014.08.29 19:36 B C:\vromero\Libros\Termodinamica\vromeroTermodinamicaRed\Termoesp\images\img95-11.gif --> ftp.ucaribe.edu.mx /Termoesp/images img95-11.gif
2014.08.29 19:36 B C:\vromero\Libros\Termodinamica\vromeroTermodinamicaRed\Termoesp\images\img95-12.gif --> ftp.ucaribe.edu.mx /Termoesp/images img95-12.gif
2014.08.29 19:36 B C:\vromero\Libros\Termodinamica\vromeroTermodinamicaRed\Termoesp\images\img95-13.gif --> ftp.ucaribe.edu.mx /Termoesp/images img95-13.gif
2014.08.29 19:36 B C:\vromero\Libros\Termodinamica\vromeroTermodinamicaRed\Termoesp\images\img95-14.gif --> ftp.ucaribe.edu.mx /Termoesp/images img95-14.gif
2014.08.29 19:36 B C:\vromero\Libros\Termodinamica\vromeroTermodinamicaRed\Termoesp\images\img95-16.gif --> ftp.ucaribe.edu.mx /Termoesp/images img95-16.gif
2014.08.29 19:36 B C:\vromero\Libros\Termodinamica\vromeroTermodinamicaRed\Termoesp\images\img95-17.gif --> ftp.ucaribe.edu.mx /Termoesp/images img95-17.gif
2014.08.29 19:36 B C:\vromero\Libros\Termodinamica\vromeroTermodinamicaRed\Termoesp\images\img95-18.gif --> ftp.ucaribe.edu.mx /Termoesp/images img95-18.gif
2014.08.29 19:36 B C:\vromero\Libros\Termodinamica\vromeroTermodinamicaRed\Termoesp\images\img95-19.gif --> ftp.ucaribe.edu.mx /Termoesp/images img95-19.gif
2014.08.29 19:36 B C:\vromero\Libros\Termodinamica\vromeroTermodinamicaRed\Termoesp\images\img95-20.gif --> ftp.ucaribe.edu.mx /Termoesp/images img95-20.gif
2014.08.29 19:36 B C:\vromero\Libros\Termodinamica\vromeroTermodinamicaRed\Termoesp\images\img95-21.gif --> ftp.ucaribe.edu.mx /Termoesp/images img95-21.gif
2014.08.29 19:36 B C:\vromero\Libros\Termodinamica\vromeroTermodinamicaRed\Termoesp\images\img95-22.gif --> ftp.ucaribe.edu.mx /Termoesp/images img95-22.gif
2014.08.29 19:36 B C:\vromero\Libros\Termodinamica\vromeroTermodinamicaRed\Termoesp\images\img95-23.gif --> ftp.ucaribe.edu.mx /Termoesp/images img95-23.gif
2014.08.29 19:36 B C:\vromero\Libros\Termodinamica\vromeroTermodinamicaRed\Termoesp\images\img95-3.gif --> ftp.ucaribe.edu.mx /Termoesp/images img95-3.gif
2014.08.29 19:36 B C:\vromero\Libros\Termodinamica\vromeroTermodinamicaRed\Termoesp\images\img95-4.gif --> ftp.ucaribe.edu.mx /Termoesp/images img95-4.gif
2014.08.29 19:36 B C:\vromero\Libros\Termodinamica\vromeroTermodinamicaRed\Termoesp\images\img95-5.gif --> ftp.ucaribe.edu.mx /Termoesp/images img95-5.gif
2014.08.29 19:36 B C:\vromero\Libros\Termodinamica\vromeroTermodinamicaRed\Termoesp\images\img95-6.gif --> ftp.ucaribe.edu.mx /Termoesp/images img95-6.gif
2014.08.29 19:36 B C:\vromero\Libros\Termodinamica\vromeroTermodinamicaRed\Termoesp\images\img95-7.gif --> ftp.ucaribe.edu.mx /Termoesp/images img95-7.gif
2014.08.29 19:36 B C:\vromero\Libros\Termodinamica\vromeroTermodinamicaRed\Termoesp\images\img95-8.gif --> ftp.ucaribe.edu.mx /Termoesp/images img95-8.gif
2014.08.29 19:36 B C:\vromero\Libros\Termodinamica\vromeroTermodinamicaRed\Termoesp\images\img95-9.gif --> ftp.ucaribe.edu.mx /Termoesp/images img95-9.gif
2014.08.29 19:36 B C:\vromero\Libros\Termodinamica\vromeroTermodinamicaRed\Termoesp\images\img96-10.gif --> ftp.ucaribe.edu.mx /Termoesp/images img96-10.gif
2014.08.29 19:36 B C:\vromero\Libros\Termodinamica\vromeroTermodinamicaRed\Termoesp\images\img96-11.gif --> ftp.ucaribe.edu.mx /Termoesp/images img96-11.gif
2014.08.29 19:36 B C:\vromero\Libros\Termodinamica\vromeroTermodinamicaRed\Termoesp\images\img96-12.gif --> ftp.ucaribe.edu.mx /Termoesp/images img96-12.gif
2014.08.29 19:36 B C:\vromero\Libros\Termodinamica\vromeroTermodinamicaRed\Termoesp\images\img96-13.gif --> ftp.ucaribe.edu.mx /Termoesp/images img96-13.gif
2014.08.29 19:36 B C:\vromero\Libros\Termodinamica\vromeroTermodinamicaRed\Termoesp\images\img96-14.gif --> ftp.ucaribe.edu.mx /Termoesp/images img96-14.gif
2014.08.29 19:36 B C:\vromero\Libros\Termodinamica\vromeroTermodinamicaRed\Termoesp\images\img96-15.gif --> ftp.ucaribe.edu.mx /Termoesp/images img96-15.gif
2014.08.29 19:36 B C:\vromero\Libros\Termodinamica\vromeroTermodinamicaRed\Termoesp\images\img96-16.gif --> ftp.ucaribe.edu.mx /Termoesp/images img96-16.gif
2014.08.29 19:36 B C:\vromero\Libros\Termodinamica\vromeroTermodinamicaRed\Termoesp\images\img96-17.gif --> ftp.ucaribe.edu.mx /Termoesp/images img96-17.gif
2014.08.29 19:36 B C:\vromero\Libros\Termodinamica\vromeroTermodinamicaRed\Termoesp\images\img96-18.gif --> ftp.ucaribe.edu.mx /Termoesp/images img96-18.gif
2014.08.29 19:36 B C:\vromero\Libros\Termodinamica\vromeroTermodinamicaRed\Termoesp\images\img96-19.gif --> ftp.ucaribe.edu.mx /Termoesp/images img96-19.gif
2014.08.29 19:36 B C:\vromero\Libros\Termodinamica\vromeroTermodinamicaRed\Termoesp\images\img96-20.gif --> ftp.ucaribe.edu.mx /Termoesp/images img96-20.gif
2014.08.29 19:36 B C:\vromero\Libros\Termodinamica\vromeroTermodinamicaRed\Termoesp\images\img96-3.gif --> ftp.ucaribe.edu.mx /Termoesp/images img96-3.gif
2014.08.29 19:36 B C:\vromero\Libros\Termodinamica\vromeroTermodinamicaRed\Termoesp\images\img96-4.gif --> ftp.ucaribe.edu.mx /Termoesp/images img96-4.gif
2014.08.29 19:36 B C:\vromero\Libros\Termodinamica\vromeroTermodinamicaRed\Termoesp\images\img96-5.gif --> ftp.ucaribe.edu.mx /Termoesp/images img96-5.gif
2014.08.29 19:36 B C:\vromero\Libros\Termodinamica\vromeroTermodinamicaRed\Termoesp\images\img96-6.gif --> ftp.ucaribe.edu.mx /Termoesp/images img96-6.gif
2014.08.29 19:36 B C:\vromero\Libros\Termodinamica\vromeroTermodinamicaRed\Termoesp\images\img96-7.gif --> ftp.ucaribe.edu.mx /Termoesp/images img96-7.gif
2014.08.29 19:36 B C:\vromero\Libros\Termodinamica\vromeroTermodinamicaRed\Termoesp\images\img96-8.gif --> ftp.ucaribe.edu.mx /Termoesp/images img96-8.gif
2014.08.29 19:36 B C:\vromero\Libros\Termodinamica\vromeroTermodinamicaRed\Termoesp\images\img96-9.gif --> ftp.ucaribe.edu.mx /Termoesp/images img96-9.gif
2014.08.29 19:36 B C:\vromero\Libros\Termodinamica\vromeroTermodinamicaRed\Termoesp\images\img97-0.gif --> ftp.ucaribe.edu.mx /Termoesp/images img97-0.gif
2014.08.29 19:36 B C:\vromero\Libros\Termodinamica\vromeroTermodinamicaRed\Termoesp\images\img97-3.gif --> ftp.ucaribe.edu.mx /Termoesp/images img97-3.gif
2014.08.29 19:36 B C:\vromero\Libros\Termodinamica\vromeroTermodinamicaRed\Termoesp\images\img97-4.gif --> ftp.ucaribe.edu.mx /Termoesp/images img97-4.gif
2014.08.29 19:36 B C:\vromero\Libros\Termodinamica\vromeroTermodinamicaRed\Termoesp\images\img97-5.gif --> ftp.ucaribe.edu.mx /Termoesp/images img97-5.gif
2014.08.29 19:36 B C:\vromero\Libros\Termodinamica\vromeroTermodinamicaRed\Termoesp\images\img97-6.gif --> ftp.ucaribe.edu.mx /Termoesp/images img97-6.gif
2014.08.29 19:36 B C:\vromero\Libros\Termodinamica\vromeroTermodinamicaRed\Termoesp\images\img98-10.gif --> ftp.ucaribe.edu.mx /Termoesp/images img98-10.gif
2014.08.29 19:36 B C:\vromero\Libros\Termodinamica\vromeroTermodinamicaRed\Termoesp\images\img98-11.gif --> ftp.ucaribe.edu.mx /Termoesp/images img98-11.gif
2014.08.29 19:36 B C:\vromero\Libros\Termodinamica\vromeroTermodinamicaRed\Termoesp\images\img98-12.gif --> ftp.ucaribe.edu.mx /Termoesp/images img98-12.gif
2014.08.29 19:36 B C:\vromero\Libros\Termodinamica\vromeroTermodinamicaRed\Termoesp\images\img98-13.gif --> ftp.ucaribe.edu.mx /Termoesp/images img98-13.gif
2014.08.29 19:36 B C:\vromero\Libros\Termodinamica\vromeroTermodinamicaRed\Termoesp\images\img98-14.gif --> ftp.ucaribe.edu.mx /Termoesp/images img98-14.gif
2014.08.29 19:36 B C:\vromero\Libros\Termodinamica\vromeroTermodinamicaRed\Termoesp\images\img98-15.gif --> ftp.ucaribe.edu.mx /Termoesp/images img98-15.gif
2014.08.29 19:36 B C:\vromero\Libros\Termodinamica\vromeroTermodinamicaRed\Termoesp\images\img98-16.gif --> ftp.ucaribe.edu.mx /Termoesp/images img98-16.gif
2014.08.29 19:36 B C:\vromero\Libros\Termodinamica\vromeroTermodinamicaRed\Termoesp\images\img98-17.gif --> ftp.ucaribe.edu.mx /Termoesp/images img98-17.gif
2014.08.29 19:36 B C:\vromero\Libros\Termodinamica\vromeroTermodinamicaRed\Termoesp\images\img98-18.gif --> ftp.ucaribe.edu.mx /Termoesp/images img98-18.gif
2014.08.29 19:36 B C:\vromero\Libros\Termodinamica\vromeroTermodinamicaRed\Termoesp\images\img98-19.gif --> ftp.ucaribe.edu.mx /Termoesp/images img98-19.gif
2014.08.29 19:36 B C:\vromero\Libros\Termodinamica\vromeroTermodinamicaRed\Termoesp\images\img98-20.gif --> ftp.ucaribe.edu.mx /Termoesp/images img98-20.gif
2014.08.29 19:36 B C:\vromero\Libros\Termodinamica\vromeroTermodinamicaRed\Termoesp\images\img98-21.gif --> ftp.ucaribe.edu.mx /Termoesp/images img98-21.gif
2014.08.29 19:36 B C:\vromero\Libros\Termodinamica\vromeroTermodinamicaRed\Termoesp\images\img98-22.gif --> ftp.ucaribe.edu.mx /Termoesp/images img98-22.gif
2014.08.29 19:36 B C:\vromero\Libros\Termodinamica\vromeroTermodinamicaRed\Termoesp\images\img98-23.gif --> ftp.ucaribe.edu.mx /Termoesp/images img98-23.gif
2014.08.29 19:36 B C:\vromero\Libros\Termodinamica\vromeroTermodinamicaRed\Termoesp\images\img98-24.gif --> ftp.ucaribe.edu.mx /Termoesp/images img98-24.gif
2014.08.29 19:36 B C:\vromero\Libros\Termodinamica\vromeroTermodinamicaRed\Termoesp\images\img98-25.gif --> ftp.ucaribe.edu.mx /Termoesp/images img98-25.gif
2014.08.29 19:36 B C:\vromero\Libros\Termodinamica\vromeroTermodinamicaRed\Termoesp\images\img98-26.gif --> ftp.ucaribe.edu.mx /Termoesp/images img98-26.gif
2014.08.29 19:36 B C:\vromero\Libros\Termodinamica\vromeroTermodinamicaRed\Termoesp\images\img98-27.gif --> ftp.ucaribe.edu.mx /Termoesp/images img98-27.gif
2014.08.29 19:36 B C:\vromero\Libros\Termodinamica\vromeroTermodinamicaRed\Termoesp\images\img98-28.gif --> ftp.ucaribe.edu.mx /Termoesp/images img98-28.gif
2014.08.29 19:36 B C:\vromero\Libros\Termodinamica\vromeroTermodinamicaRed\Termoesp\images\img98-29.gif --> ftp.ucaribe.edu.mx /Termoesp/images img98-29.gif
2014.08.29 19:36 B C:\vromero\Libros\Termodinamica\vromeroTermodinamicaRed\Termoesp\images\img98-3.gif --> ftp.ucaribe.edu.mx /Termoesp/images img98-3.gif
2014.08.29 19:36 B C:\vromero\Libros\Termodinamica\vromeroTermodinamicaRed\Termoesp\images\img98-30.gif --> ftp.ucaribe.edu.mx /Termoesp/images img98-30.gif
2014.08.29 19:36 B C:\vromero\Libros\Termodinamica\vromeroTermodinamicaRed\Termoesp\images\img98-31.gif --> ftp.ucaribe.edu.mx /Termoesp/images img98-31.gif
2014.08.29 19:36 B C:\vromero\Libros\Termodinamica\vromeroTermodinamicaRed\Termoesp\images\img98-32.gif --> ftp.ucaribe.edu.mx /Termoesp/images img98-32.gif
2014.08.29 19:36 B C:\vromero\Libros\Termodinamica\vromeroTermodinamicaRed\Termoesp\images\img98-33.gif --> ftp.ucaribe.edu.mx /Termoesp/images img98-33.gif
2014.08.29 19:36 B C:\vromero\Libros\Termodinamica\vromeroTermodinamicaRed\Termoesp\images\img98-34.gif --> ftp.ucaribe.edu.mx /Termoesp/images img98-34.gif
2014.08.29 19:36 B C:\vromero\Libros\Termodinamica\vromeroTermodinamicaRed\Termoesp\images\img98-35.gif --> ftp.ucaribe.edu.mx /Termoesp/images img98-35.gif
2014.08.29 19:36 B C:\vromero\Libros\Termodinamica\vromeroTermodinamicaRed\Termoesp\images\img98-36.gif --> ftp.ucaribe.edu.mx /Termoesp/images img98-36.gif
2014.08.29 19:36 B C:\vromero\Libros\Termodinamica\vromeroTermodinamicaRed\Termoesp\images\img98-37.gif --> ftp.ucaribe.edu.mx /Termoesp/images img98-37.gif
2014.08.29 19:36 B C:\vromero\Libros\Termodinamica\vromeroTermodinamicaRed\Termoesp\images\img98-38.gif --> ftp.ucaribe.edu.mx /Termoesp/images img98-38.gif
2014.08.29 19:36 B C:\vromero\Libros\Termodinamica\vromeroTermodinamicaRed\Termoesp\images\img98-39.gif --> ftp.ucaribe.edu.mx /Termoesp/images img98-39.gif
2014.08.29 19:36 B C:\vromero\Libros\Termodinamica\vromeroTermodinamicaRed\Termoesp\images\img98-4.gif --> ftp.ucaribe.edu.mx /Termoesp/images img98-4.gif
2014.08.29 19:36 B C:\vromero\Libros\Termodinamica\vromeroTermodinamicaRed\Termoesp\images\img98-40.gif --> ftp.ucaribe.edu.mx /Termoesp/images img98-40.gif
2014.08.29 19:36 B C:\vromero\Libros\Termodinamica\vromeroTermodinamicaRed\Termoesp\images\img98-41.gif --> ftp.ucaribe.edu.mx /Termoesp/images img98-41.gif
2014.08.29 19:36 B C:\vromero\Libros\Termodinamica\vromeroTermodinamicaRed\Termoesp\images\img98-42.gif --> ftp.ucaribe.edu.mx /Termoesp/images img98-42.gif
2014.08.29 19:36 B C:\vromero\Libros\Termodinamica\vromeroTermodinamicaRed\Termoesp\images\img98-43.gif --> ftp.ucaribe.edu.mx /Termoesp/images img98-43.gif
2014.08.29 19:36 B C:\vromero\Libros\Termodinamica\vromeroTermodinamicaRed\Termoesp\images\img98-44.gif --> ftp.ucaribe.edu.mx /Termoesp/images img98-44.gif
2014.08.29 19:36 B C:\vromero\Libros\Termodinamica\vromeroTermodinamicaRed\Termoesp\images\img98-45.gif --> ftp.ucaribe.edu.mx /Termoesp/images img98-45.gif
2014.08.29 19:36 B C:\vromero\Libros\Termodinamica\vromeroTermodinamicaRed\Termoesp\images\img98-46.gif --> ftp.ucaribe.edu.mx /Termoesp/images img98-46.gif
2014.08.29 19:36 B C:\vromero\Libros\Termodinamica\vromeroTermodinamicaRed\Termoesp\images\img98-47.gif --> ftp.ucaribe.edu.mx /Termoesp/images img98-47.gif
2014.08.29 19:36 B C:\vromero\Libros\Termodinamica\vromeroTermodinamicaRed\Termoesp\images\img98-48.gif --> ftp.ucaribe.edu.mx /Termoesp/images img98-48.gif
2014.08.29 19:36 B C:\vromero\Libros\Termodinamica\vromeroTermodinamicaRed\Termoesp\images\img98-49.gif --> ftp.ucaribe.edu.mx /Termoesp/images img98-49.gif
2014.08.29 19:36 B C:\vromero\Libros\Termodinamica\vromeroTermodinamicaRed\Termoesp\images\img98-5.gif --> ftp.ucaribe.edu.mx /Termoesp/images img98-5.gif
2014.08.29 19:36 B C:\vromero\Libros\Termodinamica\vromeroTermodinamicaRed\Termoesp\images\img98-50.gif --> ftp.ucaribe.edu.mx /Termoesp/images img98-50.gif
2014.08.29 19:36 B C:\vromero\Libros\Termodinamica\vromeroTermodinamicaRed\Termoesp\images\img98-51.gif --> ftp.ucaribe.edu.mx /Termoesp/images img98-51.gif
2014.08.29 19:36 B C:\vromero\Libros\Termodinamica\vromeroTermodinamicaRed\Termoesp\images\img98-52.gif --> ftp.ucaribe.edu.mx /Termoesp/images img98-52.gif
2014.08.29 19:36 B C:\vromero\Libros\Termodinamica\vromeroTermodinamicaRed\Termoesp\images\img98-53.gif --> ftp.ucaribe.edu.mx /Termoesp/images img98-53.gif
2014.08.29 19:36 B C:\vromero\Libros\Termodinamica\vromeroTermodinamicaRed\Termoesp\images\img98-54.gif --> ftp.ucaribe.edu.mx /Termoesp/images img98-54.gif
2014.08.29 19:36 B C:\vromero\Libros\Termodinamica\vromeroTermodinamicaRed\Termoesp\images\img98-55.gif --> ftp.ucaribe.edu.mx /Termoesp/images img98-55.gif
2014.08.29 19:36 B C:\vromero\Libros\Termodinamica\vromeroTermodinamicaRed\Termoesp\images\img98-56.gif --> ftp.ucaribe.edu.mx /Termoesp/images img98-56.gif
2014.08.29 19:36 B C:\vromero\Libros\Termodinamica\vromeroTermodinamicaRed\Termoesp\images\img98-57.gif --> ftp.ucaribe.edu.mx /Termoesp/images img98-57.gif
2014.08.29 19:36 B C:\vromero\Libros\Termodinamica\vromeroTermodinamicaRed\Termoesp\images\img98-58.gif --> ftp.ucaribe.edu.mx /Termoesp/images img98-58.gif
2014.08.29 19:36 B C:\vromero\Libros\Termodinamica\vromeroTermodinamicaRed\Termoesp\images\img98-59.gif --> ftp.ucaribe.edu.mx /Termoesp/images img98-59.gif
2014.08.29 19:36 B C:\vromero\Libros\Termodinamica\vromeroTermodinamicaRed\Termoesp\images\img98-6.gif --> ftp.ucaribe.edu.mx /Termoesp/images img98-6.gif
2014.08.29 19:36 B C:\vromero\Libros\Termodinamica\vromeroTermodinamicaRed\Termoesp\images\img98-60.gif --> ftp.ucaribe.edu.mx /Termoesp/images img98-60.gif
2014.08.29 19:36 B C:\vromero\Libros\Termodinamica\vromeroTermodinamicaRed\Termoesp\images\img98-61.gif --> ftp.ucaribe.edu.mx /Termoesp/images img98-61.gif
2014.08.29 19:36 B C:\vromero\Libros\Termodinamica\vromeroTermodinamicaRed\Termoesp\images\img98-7.gif --> ftp.ucaribe.edu.mx /Termoesp/images img98-7.gif
2014.08.29 19:36 B C:\vromero\Libros\Termodinamica\vromeroTermodinamicaRed\Termoesp\images\img98-8.gif --> ftp.ucaribe.edu.mx /Termoesp/images img98-8.gif
2014.08.29 19:36 B C:\vromero\Libros\Termodinamica\vromeroTermodinamicaRed\Termoesp\images\img98-9.gif --> ftp.ucaribe.edu.mx /Termoesp/images img98-9.gif
2014.08.29 19:36 B C:\vromero\Libros\Termodinamica\vromeroTermodinamicaRed\Termoesp\images\img99-10.gif --> ftp.ucaribe.edu.mx /Termoesp/images img99-10.gif
2014.08.29 19:36 B C:\vromero\Libros\Termodinamica\vromeroTermodinamicaRed\Termoesp\images\img99-11.gif --> ftp.ucaribe.edu.mx /Termoesp/images img99-11.gif
2014.08.29 19:36 B C:\vromero\Libros\Termodinamica\vromeroTermodinamicaRed\Termoesp\images\img99-12.gif --> ftp.ucaribe.edu.mx /Termoesp/images img99-12.gif
2014.08.29 19:36 B C:\vromero\Libros\Termodinamica\vromeroTermodinamicaRed\Termoesp\images\img99-3.gif --> ftp.ucaribe.edu.mx /Termoesp/images img99-3.gif
2014.08.29 19:36 B C:\vromero\Libros\Termodinamica\vromeroTermodinamicaRed\Termoesp\images\img99-4.gif --> ftp.ucaribe.edu.mx /Termoesp/images img99-4.gif
2014.08.29 19:36 B C:\vromero\Libros\Termodinamica\vromeroTermodinamicaRed\Termoesp\images\img99-5.gif --> ftp.ucaribe.edu.mx /Termoesp/images img99-5.gif
2014.08.29 19:36 B C:\vromero\Libros\Termodinamica\vromeroTermodinamicaRed\Termoesp\images\img99-6.gif --> ftp.ucaribe.edu.mx /Termoesp/images img99-6.gif
2014.08.29 19:36 B C:\vromero\Libros\Termodinamica\vromeroTermodinamicaRed\Termoesp\images\img99-7.gif --> ftp.ucaribe.edu.mx /Termoesp/images img99-7.gif
2014.08.29 19:36 B C:\vromero\Libros\Termodinamica\vromeroTermodinamicaRed\Termoesp\images\img99-8.gif --> ftp.ucaribe.edu.mx /Termoesp/images img99-8.gif
2014.08.29 19:36 B C:\vromero\Libros\Termodinamica\vromeroTermodinamicaRed\Termoesp\images\img99-9.gif --> ftp.ucaribe.edu.mx /Termoesp/images img99-9.gif
2014.08.29 19:36 B C:\vromero\Libros\Termodinamica\vromeroTermodinamicaRed\Termoesp\images\IngIndustrial.gif --> ftp.ucaribe.edu.mx /Termoesp/images IngIndustrial.gif
2014.08.29 19:36 B C:\vromero\Libros\Termodinamica\vromeroTermodinamicaRed\Termoesp\images\lavalamp.gif --> ftp.ucaribe.edu.mx /Termoesp/images lavalamp.gif
2014.08.29 19:36 B C:\vromero\Libros\Termodinamica\vromeroTermodinamicaRed\Termoesp\images\lvapres.gif --> ftp.ucaribe.edu.mx /Termoesp/images lvapres.gif
2014.08.29 19:36 B C:\vromero\Libros\Termodinamica\vromeroTermodinamicaRed\Termoesp\images\lvapres5cm.gif --> ftp.ucaribe.edu.mx /Termoesp/images lvapres5cm.gif
2014.08.29 19:37 B C:\vromero\Libros\Termodinamica\vromeroTermodinamicaRed\Termoesp\images\nta+Isaak+Asimov.pdf --> ftp.ucaribe.edu.mx /Termoesp/images nta+Isaak+Asimov.pdf
2014.08.29 19:37 B C:\vromero\Libros\Termodinamica\vromeroTermodinamicaRed\Termoesp\images\pix.gif --> ftp.ucaribe.edu.mx /Termoesp/images pix.gif
2014.08.29 19:37 B C:\vromero\Libros\Termodinamica\vromeroTermodinamicaRed\Termoesp\images\porosidad.jpg --> ftp.ucaribe.edu.mx /Termoesp/images porosidad.jpg
2014.08.29 19:37 B C:\vromero\Libros\Termodinamica\vromeroTermodinamicaRed\Termoesp\images\sub-select.gif --> ftp.ucaribe.edu.mx /Termoesp/images sub-select.gif
2014.08.29 19:37 B C:\vromero\Libros\Termodinamica\vromeroTermodinamicaRed\Termoesp\images\sub.gif --> ftp.ucaribe.edu.mx /Termoesp/images sub.gif
2014.08.29 19:37 B C:\vromero\Libros\Termodinamica\vromeroTermodinamicaRed\Termoesp\images\sub.png --> ftp.ucaribe.edu.mx /Termoesp/images sub.png
2014.08.29 19:37 B C:\vromero\Libros\Termodinamica\vromeroTermodinamicaRed\Termoesp\images\tem01.jpg --> ftp.ucaribe.edu.mx /Termoesp/images tem01.jpg
2014.08.29 19:37 B C:\vromero\Libros\Termodinamica\vromeroTermodinamicaRed\Termoesp\images\Thermodynamics.gif --> ftp.ucaribe.edu.mx /Termoesp/images Thermodynamics.gif
2014.08.29 19:37 B C:\vromero\Libros\Termodinamica\vromeroTermodinamicaRed\Termoesp\images\vromero01a.jpg --> ftp.ucaribe.edu.mx /Termoesp/images vromero01a.jpg
2014.08.29 19:55 B C:\vromero\Libros\Termodinamica\vromeroTermodinamicaRed\Termoesp\images\img-0.jpg --> ftp.ucaribe.edu.mx /Termoesp/images img-0.jpg
2018.11.14 17:23 B G:\Cursos_HTML\vromeroWebPersonal\Termoesp\images\img107-11.png --> ftp.ucaribe.edu.mx /Termoesp/images img107-11.png
2018.11.14 17:23 B G:\Cursos_HTML\vromeroWebPersonal\Termoesp\images\img107-12.png --> ftp.ucaribe.edu.mx /Termoesp/images img107-12.png
2018.11.14 17:23 B G:\Cursos_HTML\vromeroWebPersonal\Termoesp\images\img107-13.png --> ftp.ucaribe.edu.mx /Termoesp/images img107-13.png
2018.11.14 17:23 B G:\Cursos_HTML\vromeroWebPersonal\Termoesp\images\img107-14.png --> ftp.ucaribe.edu.mx /Termoesp/images img107-14.png
2018.11.14 17:23 B G:\Cursos_HTML\vromeroWebPersonal\Termoesp\images\img107-15.png --> ftp.ucaribe.edu.mx /Termoesp/images img107-15.png
2018.11.14 17:23 B G:\Cursos_HTML\vromeroWebPersonal\Termoesp\images\img107-16.png --> ftp.ucaribe.edu.mx /Termoesp/images img107-16.png
2018.11.14 17:23 B G:\Cursos_HTML\vromeroWebPersonal\Termoesp\images\img107-17.png --> ftp.ucaribe.edu.mx /Termoesp/images img107-17.png
2018.11.14 17:23 B G:\Cursos_HTML\vromeroWebPersonal\Termoesp\images\img107-19.png --> ftp.ucaribe.edu.mx /Termoesp/images img107-19.png
2018.11.14 17:23 B G:\Cursos_HTML\vromeroWebPersonal\Termoesp\images\img107-20.png --> ftp.ucaribe.edu.mx /Termoesp/images img107-20.png
2018.11.14 17:23 B G:\Cursos_HTML\vromeroWebPersonal\Termoesp\images\img107-21.png --> ftp.ucaribe.edu.mx /Termoesp/images img107-21.png
2018.11.14 17:23 B G:\Cursos_HTML\vromeroWebPersonal\Termoesp\images\img107-22.png --> ftp.ucaribe.edu.mx /Termoesp/images img107-22.png
2018.11.14 17:23 B G:\Cursos_HTML\vromeroWebPersonal\Termoesp\images\img107-23.png --> ftp.ucaribe.edu.mx /Termoesp/images img107-23.png
2018.11.14 17:23 B G:\Cursos_HTML\vromeroWebPersonal\Termoesp\images\img107-24.png --> ftp.ucaribe.edu.mx /Termoesp/images img107-24.png
2018.11.14 17:23 B G:\Cursos_HTML\vromeroWebPersonal\Termoesp\images\img107-25.png --> ftp.ucaribe.edu.mx /Termoesp/images img107-25.png
2018.11.14 17:23 B G:\Cursos_HTML\vromeroWebPersonal\Termoesp\images\img107-27.png --> ftp.ucaribe.edu.mx /Termoesp/images img107-27.png
2018.11.14 17:23 B G:\Cursos_HTML\vromeroWebPersonal\Termoesp\images\img107-28.png --> ftp.ucaribe.edu.mx /Termoesp/images img107-28.png
2018.11.14 17:23 B G:\Cursos_HTML\vromeroWebPersonal\Termoesp\images\img107-29.png --> ftp.ucaribe.edu.mx /Termoesp/images img107-29.png
2018.11.14 17:23 B G:\Cursos_HTML\vromeroWebPersonal\Termoesp\images\img107-30.png --> ftp.ucaribe.edu.mx /Termoesp/images img107-30.png
2018.11.14 17:23 B G:\Cursos_HTML\vromeroWebPersonal\Termoesp\images\img107-8.png --> ftp.ucaribe.edu.mx /Termoesp/images img107-8.png
2018.11.14 17:23 B G:\Cursos_HTML\vromeroWebPersonal\Termoesp\images\img88-0.gif --> ftp.ucaribe.edu.mx /Termoesp/images img88-0.gif
2018.11.14 17:23 B G:\Cursos_HTML\vromeroWebPersonal\Termoesp\images\img90-0.gif --> ftp.ucaribe.edu.mx /Termoesp/images img90-0.gif
2018.11.14 17:23 B G:\Cursos_HTML\vromeroWebPersonal\Termoesp\images\img91-0.gif --> ftp.ucaribe.edu.mx /Termoesp/images img91-0.gif
2018.11.14 17:23 B G:\Cursos_HTML\vromeroWebPersonal\Termoesp\images\img92-0.gif --> ftp.ucaribe.edu.mx /Termoesp/images img92-0.gif
2018.11.14 17:23 B G:\Cursos_HTML\vromeroWebPersonal\Termoesp\images\img93-0.gif --> ftp.ucaribe.edu.mx /Termoesp/images img93-0.gif
